2025-11-03 00:10:08 [INFO][org.hibernate.validator.internal.util.Version][<clinit>][21]-> HV000001: Hibernate Validator 8.0.3.Final
2025-11-03 00:10:08 [INFO][com.yunnanenterprise.YunnanEnterpriseApplication][logStarting][53]-> Starting YunnanEnterpriseApplication using Java 17.0.16 with PID 42568 (C:\Users\zhang\Desktop\大创项目\a-yunnan\yunnan_employment_data_collection_system_backend-master\yunnan-enterprise\target\classes started by zhang in C:\Users\zhang\Desktop\大创项目\a-yunnan\yunnan_employment_data_collection_system_backend-master\yunnan-enterprise)
2025-11-03 00:10:08 [INFO][com.yunnanenterprise.YunnanEnterpriseApplication][logStartupProfileInfo][652]-> No active profile set, falling back to 1 default profile: "default"
2025-11-03 00:10:09 [INFO][org.springframework.data.repository.config.RepositoryConfigurationDelegate][multipleStoresDetected][294]-> Multiple Spring Data modules found, entering strict repository configuration mode
2025-11-03 00:10:09 [INFO][org.springframework.data.repository.config.RepositoryConfigurationDelegate][registerRepositoriesIn][145]-> Bootstrapping Spring Data Elasticsearch repositories in DEFAULT mode.
2025-11-03 00:10:09 [INFO][org.springframework.data.repository.config.RepositoryConfigurationDelegate][registerRepositoriesIn][213]-> Finished Spring Data repository scanning in 17 ms. Found 0 Elasticsearch repository interfaces.
2025-11-03 00:10:09 [INFO][org.springframework.data.repository.config.RepositoryConfigurationDelegate][multipleStoresDetected][294]-> Multiple Spring Data modules found, entering strict repository configuration mode
2025-11-03 00:10:09 [INFO][org.springframework.data.repository.config.RepositoryConfigurationDelegate][registerRepositoriesIn][145]-> Bootstrapping Spring Data Reactive Elasticsearch repositories in DEFAULT mode.
2025-11-03 00:10:09 [INFO][org.springframework.data.repository.config.RepositoryConfigurationDelegate][registerRepositoriesIn][213]-> Finished Spring Data repository scanning in 4 ms. Found 0 Reactive Elasticsearch repository interfaces.
2025-11-03 00:10:09 [INFO][org.springframework.data.repository.config.RepositoryConfigurationDelegate][multipleStoresDetected][294]-> Multiple Spring Data modules found, entering strict repository configuration mode
2025-11-03 00:10:09 [INFO][org.springframework.data.repository.config.RepositoryConfigurationDelegate][registerRepositoriesIn][145]-> Bootstrapping Spring Data Redis repositories in DEFAULT mode.
2025-11-03 00:10:09 [INFO][org.springframework.data.repository.config.RepositoryConfigurationDelegate][registerRepositoriesIn][213]-> Finished Spring Data repository scanning in 7 ms. Found 0 Redis repository interfaces.
2025-11-03 00:10:10 [INFO][org.springframework.boot.web.embedded.tomcat.TomcatWebServer][initialize][111]-> Tomcat initialized with port 8082 (http)
2025-11-03 00:10:10 [INFO][org.apache.coyote.http11.Http11NioProtocol][log][168]-> Initializing ProtocolHandler ["http-nio-8082"]
2025-11-03 00:10:10 [INFO][org.apache.catalina.core.StandardService][log][168]-> Starting service [Tomcat]
2025-11-03 00:10:10 [INFO][org.apache.catalina.core.StandardEngine][log][168]-> Starting Servlet engine: [Apache Tomcat/10.1.46]
2025-11-03 00:10:10 [INFO][org.apache.catalina.core.ContainerBase.[Tomcat].[localhost].[/]][log][168]-> Initializing Spring embedded WebApplicationContext
2025-11-03 00:10:10 [INFO][org.springframework.boot.web.servlet.context.ServletWebServerApplicationContext][prepareWebApplicationContext][301]-> Root WebApplicationContext: initialization completed in 2276 ms
2025-11-03 00:10:13 [INFO][org.apache.coyote.http11.Http11NioProtocol][log][168]-> Starting ProtocolHandler ["http-nio-8082"]
2025-11-03 00:10:13 [INFO][org.springframework.boot.web.embedded.tomcat.TomcatWebServer][start][243]-> Tomcat started on port 8082 (http) with context path '/'
2025-11-03 00:10:13 [INFO][com.yunnanenterprise.YunnanEnterpriseApplication][logStarted][59]-> Started YunnanEnterpriseApplication in 5.607 seconds (process running for 5.995)
2025-11-03 00:10:13 [INFO][com.zaxxer.hikari.HikariDataSource][getConnection][109]-> HikariCPDatasource - Starting...
2025-11-03 00:10:14 [ERROR][com.yunnanenterprise.InitRun][run][31]-> 数据库连接失败，请检查数据库配置！
2025-11-03 00:20:09 [INFO][org.apache.catalina.core.ContainerBase.[Tomcat].[localhost].[/]][log][168]-> Initializing Spring DispatcherServlet 'dispatcherServlet'
2025-11-03 00:20:09 [INFO][org.springframework.web.servlet.DispatcherServlet][initServletBean][532]-> Initializing Servlet 'dispatcherServlet'
2025-11-03 00:20:09 [INFO][org.springframework.web.servlet.DispatcherServlet][initServletBean][554]-> Completed initialization in 12 ms
2025-11-03 00:20:09 [ERROR][com.yunnancommon.controller.AGlobalExceptionHandlerController][handleException][22]-> 请求错误，请求地址http://localhost:8082/api/username/login， 错误信息:
org.springframework.web.servlet.resource.NoResourceFoundException: No static resource api/username/login.
	at org.springframework.web.servlet.resource.ResourceHttpRequestHandler.handleRequest(ResourceHttpRequestHandler.java:585)
	at org.springframework.web.servlet.mvc.HttpRequestHandlerAdapter.handle(HttpRequestHandlerAdapter.java:52)
	at org.springframework.web.servlet.DispatcherServlet.doDispatch(DispatcherServlet.java:1089)
	at org.springframework.web.servlet.DispatcherServlet.doService(DispatcherServlet.java:979)
	at org.springframework.web.servlet.FrameworkServlet.processRequest(FrameworkServlet.java:1014)
	at org.springframework.web.servlet.FrameworkServlet.doPost(FrameworkServlet.java:914)
	at jakarta.servlet.http.HttpServlet.service(HttpServlet.java:590)
	at org.springframework.web.servlet.FrameworkServlet.service(FrameworkServlet.java:885)
	at jakarta.servlet.http.HttpServlet.service(HttpServlet.java:658)
	at org.apache.catalina.core.ApplicationFilterChain.internalDoFilter(ApplicationFilterChain.java:195)
	at org.apache.catalina.core.ApplicationFilterChain.doFilter(ApplicationFilterChain.java:140)
	at org.apache.tomcat.websocket.server.WsFilter.doFilter(WsFilter.java:51)
	at org.apache.catalina.core.ApplicationFilterChain.internalDoFilter(ApplicationFilterChain.java:164)
	at org.apache.catalina.core.ApplicationFilterChain.doFilter(ApplicationFilterChain.java:140)
	at org.springframework.web.filter.RequestContextFilter.doFilterInternal(RequestContextFilter.java:100)
	at org.springframework.web.filter.OncePerRequestFilter.doFilter(OncePerRequestFilter.java:116)
	at org.apache.catalina.core.ApplicationFilterChain.internalDoFilter(ApplicationFilterChain.java:164)
	at org.apache.catalina.core.ApplicationFilterChain.doFilter(ApplicationFilterChain.java:140)
	at org.springframework.web.filter.FormContentFilter.doFilterInternal(FormContentFilter.java:93)
	at org.springframework.web.filter.OncePerRequestFilter.doFilter(OncePerRequestFilter.java:116)
	at org.apache.catalina.core.ApplicationFilterChain.internalDoFilter(ApplicationFilterChain.java:164)
	at org.apache.catalina.core.ApplicationFilterChain.doFilter(ApplicationFilterChain.java:140)
	at org.springframework.web.filter.CharacterEncodingFilter.doFilterInternal(CharacterEncodingFilter.java:201)
	at org.springframework.web.filter.OncePerRequestFilter.doFilter(OncePerRequestFilter.java:116)
	at org.apache.catalina.core.ApplicationFilterChain.internalDoFilter(ApplicationFilterChain.java:164)
	at org.apache.catalina.core.ApplicationFilterChain.doFilter(ApplicationFilterChain.java:140)
	at org.apache.catalina.core.StandardWrapperValve.invoke(StandardWrapperValve.java:167)
	at org.apache.catalina.core.StandardContextValve.invoke(StandardContextValve.java:90)
	at org.apache.catalina.authenticator.AuthenticatorBase.invoke(AuthenticatorBase.java:483)
	at org.apache.catalina.core.StandardHostValve.invoke(StandardHostValve.java:116)
	at org.apache.catalina.valves.ErrorReportValve.invoke(ErrorReportValve.java:93)
	at org.apache.catalina.core.StandardEngineValve.invoke(StandardEngineValve.java:74)
	at org.apache.catalina.connector.CoyoteAdapter.service(CoyoteAdapter.java:344)
	at org.apache.coyote.http11.Http11Processor.service(Http11Processor.java:398)
	at org.apache.coyote.AbstractProcessorLight.process(AbstractProcessorLight.java:63)
	at org.apache.coyote.AbstractProtocol$ConnectionHandler.process(AbstractProtocol.java:903)
	at org.apache.tomcat.util.net.NioEndpoint$SocketProcessor.doRun(NioEndpoint.java:1776)
	at org.apache.tomcat.util.net.SocketProcessorBase.run(SocketProcessorBase.java:52)
	at org.apache.tomcat.util.threads.ThreadPoolExecutor.runWorker(ThreadPoolExecutor.java:975)
	at org.apache.tomcat.util.threads.ThreadPoolExecutor$Worker.run(ThreadPoolExecutor.java:493)
	at org.apache.tomcat.util.threads.TaskThread$WrappingRunnable.run(TaskThread.java:63)
	at java.base/java.lang.Thread.run(Thread.java:840)
2025-11-03 00:20:29 [ERROR][com.yunnancommon.controller.AGlobalExceptionHandlerController][handleException][22]-> 请求错误，请求地址http://localhost:8082/api/username/login， 错误信息:
org.springframework.web.servlet.resource.NoResourceFoundException: No static resource api/username/login.
	at org.springframework.web.servlet.resource.ResourceHttpRequestHandler.handleRequest(ResourceHttpRequestHandler.java:585)
	at org.springframework.web.servlet.mvc.HttpRequestHandlerAdapter.handle(HttpRequestHandlerAdapter.java:52)
	at org.springframework.web.servlet.DispatcherServlet.doDispatch(DispatcherServlet.java:1089)
	at org.springframework.web.servlet.DispatcherServlet.doService(DispatcherServlet.java:979)
	at org.springframework.web.servlet.FrameworkServlet.processRequest(FrameworkServlet.java:1014)
	at org.springframework.web.servlet.FrameworkServlet.doPost(FrameworkServlet.java:914)
	at jakarta.servlet.http.HttpServlet.service(HttpServlet.java:590)
	at org.springframework.web.servlet.FrameworkServlet.service(FrameworkServlet.java:885)
	at jakarta.servlet.http.HttpServlet.service(HttpServlet.java:658)
	at org.apache.catalina.core.ApplicationFilterChain.internalDoFilter(ApplicationFilterChain.java:195)
	at org.apache.catalina.core.ApplicationFilterChain.doFilter(ApplicationFilterChain.java:140)
	at org.apache.tomcat.websocket.server.WsFilter.doFilter(WsFilter.java:51)
	at org.apache.catalina.core.ApplicationFilterChain.internalDoFilter(ApplicationFilterChain.java:164)
	at org.apache.catalina.core.ApplicationFilterChain.doFilter(ApplicationFilterChain.java:140)
	at org.springframework.web.filter.RequestContextFilter.doFilterInternal(RequestContextFilter.java:100)
	at org.springframework.web.filter.OncePerRequestFilter.doFilter(OncePerRequestFilter.java:116)
	at org.apache.catalina.core.ApplicationFilterChain.internalDoFilter(ApplicationFilterChain.java:164)
	at org.apache.catalina.core.ApplicationFilterChain.doFilter(ApplicationFilterChain.java:140)
	at org.springframework.web.filter.FormContentFilter.doFilterInternal(FormContentFilter.java:93)
	at org.springframework.web.filter.OncePerRequestFilter.doFilter(OncePerRequestFilter.java:116)
	at org.apache.catalina.core.ApplicationFilterChain.internalDoFilter(ApplicationFilterChain.java:164)
	at org.apache.catalina.core.ApplicationFilterChain.doFilter(ApplicationFilterChain.java:140)
	at org.springframework.web.filter.CharacterEncodingFilter.doFilterInternal(CharacterEncodingFilter.java:201)
	at org.springframework.web.filter.OncePerRequestFilter.doFilter(OncePerRequestFilter.java:116)
	at org.apache.catalina.core.ApplicationFilterChain.internalDoFilter(ApplicationFilterChain.java:164)
	at org.apache.catalina.core.ApplicationFilterChain.doFilter(ApplicationFilterChain.java:140)
	at org.apache.catalina.core.StandardWrapperValve.invoke(StandardWrapperValve.java:167)
	at org.apache.catalina.core.StandardContextValve.invoke(StandardContextValve.java:90)
	at org.apache.catalina.authenticator.AuthenticatorBase.invoke(AuthenticatorBase.java:483)
	at org.apache.catalina.core.StandardHostValve.invoke(StandardHostValve.java:116)
	at org.apache.catalina.valves.ErrorReportValve.invoke(ErrorReportValve.java:93)
	at org.apache.catalina.core.StandardEngineValve.invoke(StandardEngineValve.java:74)
	at org.apache.catalina.connector.CoyoteAdapter.service(CoyoteAdapter.java:344)
	at org.apache.coyote.http11.Http11Processor.service(Http11Processor.java:398)
	at org.apache.coyote.AbstractProcessorLight.process(AbstractProcessorLight.java:63)
	at org.apache.coyote.AbstractProtocol$ConnectionHandler.process(AbstractProtocol.java:903)
	at org.apache.tomcat.util.net.NioEndpoint$SocketProcessor.doRun(NioEndpoint.java:1776)
	at org.apache.tomcat.util.net.SocketProcessorBase.run(SocketProcessorBase.java:52)
	at org.apache.tomcat.util.threads.ThreadPoolExecutor.runWorker(ThreadPoolExecutor.java:975)
	at org.apache.tomcat.util.threads.ThreadPoolExecutor$Worker.run(ThreadPoolExecutor.java:493)
	at org.apache.tomcat.util.threads.TaskThread$WrappingRunnable.run(TaskThread.java:63)
	at java.base/java.lang.Thread.run(Thread.java:840)
2025-11-03 00:20:31 [ERROR][com.yunnancommon.controller.AGlobalExceptionHandlerController][handleException][22]-> 请求错误，请求地址http://localhost:8082/api/username/login， 错误信息:
org.springframework.web.servlet.resource.NoResourceFoundException: No static resource api/username/login.
	at org.springframework.web.servlet.resource.ResourceHttpRequestHandler.handleRequest(ResourceHttpRequestHandler.java:585)
	at org.springframework.web.servlet.mvc.HttpRequestHandlerAdapter.handle(HttpRequestHandlerAdapter.java:52)
	at org.springframework.web.servlet.DispatcherServlet.doDispatch(DispatcherServlet.java:1089)
	at org.springframework.web.servlet.DispatcherServlet.doService(DispatcherServlet.java:979)
	at org.springframework.web.servlet.FrameworkServlet.processRequest(FrameworkServlet.java:1014)
	at org.springframework.web.servlet.FrameworkServlet.doPost(FrameworkServlet.java:914)
	at jakarta.servlet.http.HttpServlet.service(HttpServlet.java:590)
	at org.springframework.web.servlet.FrameworkServlet.service(FrameworkServlet.java:885)
	at jakarta.servlet.http.HttpServlet.service(HttpServlet.java:658)
	at org.apache.catalina.core.ApplicationFilterChain.internalDoFilter(ApplicationFilterChain.java:195)
	at org.apache.catalina.core.ApplicationFilterChain.doFilter(ApplicationFilterChain.java:140)
	at org.apache.tomcat.websocket.server.WsFilter.doFilter(WsFilter.java:51)
	at org.apache.catalina.core.ApplicationFilterChain.internalDoFilter(ApplicationFilterChain.java:164)
	at org.apache.catalina.core.ApplicationFilterChain.doFilter(ApplicationFilterChain.java:140)
	at org.springframework.web.filter.RequestContextFilter.doFilterInternal(RequestContextFilter.java:100)
	at org.springframework.web.filter.OncePerRequestFilter.doFilter(OncePerRequestFilter.java:116)
	at org.apache.catalina.core.ApplicationFilterChain.internalDoFilter(ApplicationFilterChain.java:164)
	at org.apache.catalina.core.ApplicationFilterChain.doFilter(ApplicationFilterChain.java:140)
	at org.springframework.web.filter.FormContentFilter.doFilterInternal(FormContentFilter.java:93)
	at org.springframework.web.filter.OncePerRequestFilter.doFilter(OncePerRequestFilter.java:116)
	at org.apache.catalina.core.ApplicationFilterChain.internalDoFilter(ApplicationFilterChain.java:164)
	at org.apache.catalina.core.ApplicationFilterChain.doFilter(ApplicationFilterChain.java:140)
	at org.springframework.web.filter.CharacterEncodingFilter.doFilterInternal(CharacterEncodingFilter.java:201)
	at org.springframework.web.filter.OncePerRequestFilter.doFilter(OncePerRequestFilter.java:116)
	at org.apache.catalina.core.ApplicationFilterChain.internalDoFilter(ApplicationFilterChain.java:164)
	at org.apache.catalina.core.ApplicationFilterChain.doFilter(ApplicationFilterChain.java:140)
	at org.apache.catalina.core.StandardWrapperValve.invoke(StandardWrapperValve.java:167)
	at org.apache.catalina.core.StandardContextValve.invoke(StandardContextValve.java:90)
	at org.apache.catalina.authenticator.AuthenticatorBase.invoke(AuthenticatorBase.java:483)
	at org.apache.catalina.core.StandardHostValve.invoke(StandardHostValve.java:116)
	at org.apache.catalina.valves.ErrorReportValve.invoke(ErrorReportValve.java:93)
	at org.apache.catalina.core.StandardEngineValve.invoke(StandardEngineValve.java:74)
	at org.apache.catalina.connector.CoyoteAdapter.service(CoyoteAdapter.java:344)
	at org.apache.coyote.http11.Http11Processor.service(Http11Processor.java:398)
	at org.apache.coyote.AbstractProcessorLight.process(AbstractProcessorLight.java:63)
	at org.apache.coyote.AbstractProtocol$ConnectionHandler.process(AbstractProtocol.java:903)
	at org.apache.tomcat.util.net.NioEndpoint$SocketProcessor.doRun(NioEndpoint.java:1776)
	at org.apache.tomcat.util.net.SocketProcessorBase.run(SocketProcessorBase.java:52)
	at org.apache.tomcat.util.threads.ThreadPoolExecutor.runWorker(ThreadPoolExecutor.java:975)
	at org.apache.tomcat.util.threads.ThreadPoolExecutor$Worker.run(ThreadPoolExecutor.java:493)
	at org.apache.tomcat.util.threads.TaskThread$WrappingRunnable.run(TaskThread.java:63)
	at java.base/java.lang.Thread.run(Thread.java:840)
2025-11-03 00:23:41 [ERROR][com.yunnancommon.controller.AGlobalExceptionHandlerController][handleException][22]-> 请求错误，请求地址http://localhost:8082/api/username/login， 错误信息:
org.springframework.web.servlet.resource.NoResourceFoundException: No static resource api/username/login.
	at org.springframework.web.servlet.resource.ResourceHttpRequestHandler.handleRequest(ResourceHttpRequestHandler.java:585)
	at org.springframework.web.servlet.mvc.HttpRequestHandlerAdapter.handle(HttpRequestHandlerAdapter.java:52)
	at org.springframework.web.servlet.DispatcherServlet.doDispatch(DispatcherServlet.java:1089)
	at org.springframework.web.servlet.DispatcherServlet.doService(DispatcherServlet.java:979)
	at org.springframework.web.servlet.FrameworkServlet.processRequest(FrameworkServlet.java:1014)
	at org.springframework.web.servlet.FrameworkServlet.doPost(FrameworkServlet.java:914)
	at jakarta.servlet.http.HttpServlet.service(HttpServlet.java:590)
	at org.springframework.web.servlet.FrameworkServlet.service(FrameworkServlet.java:885)
	at jakarta.servlet.http.HttpServlet.service(HttpServlet.java:658)
	at org.apache.catalina.core.ApplicationFilterChain.internalDoFilter(ApplicationFilterChain.java:195)
	at org.apache.catalina.core.ApplicationFilterChain.doFilter(ApplicationFilterChain.java:140)
	at org.apache.tomcat.websocket.server.WsFilter.doFilter(WsFilter.java:51)
	at org.apache.catalina.core.ApplicationFilterChain.internalDoFilter(ApplicationFilterChain.java:164)
	at org.apache.catalina.core.ApplicationFilterChain.doFilter(ApplicationFilterChain.java:140)
	at org.springframework.web.filter.RequestContextFilter.doFilterInternal(RequestContextFilter.java:100)
	at org.springframework.web.filter.OncePerRequestFilter.doFilter(OncePerRequestFilter.java:116)
	at org.apache.catalina.core.ApplicationFilterChain.internalDoFilter(ApplicationFilterChain.java:164)
	at org.apache.catalina.core.ApplicationFilterChain.doFilter(ApplicationFilterChain.java:140)
	at org.springframework.web.filter.FormContentFilter.doFilterInternal(FormContentFilter.java:93)
	at org.springframework.web.filter.OncePerRequestFilter.doFilter(OncePerRequestFilter.java:116)
	at org.apache.catalina.core.ApplicationFilterChain.internalDoFilter(ApplicationFilterChain.java:164)
	at org.apache.catalina.core.ApplicationFilterChain.doFilter(ApplicationFilterChain.java:140)
	at org.springframework.web.filter.CharacterEncodingFilter.doFilterInternal(CharacterEncodingFilter.java:201)
	at org.springframework.web.filter.OncePerRequestFilter.doFilter(OncePerRequestFilter.java:116)
	at org.apache.catalina.core.ApplicationFilterChain.internalDoFilter(ApplicationFilterChain.java:164)
	at org.apache.catalina.core.ApplicationFilterChain.doFilter(ApplicationFilterChain.java:140)
	at org.apache.catalina.core.StandardWrapperValve.invoke(StandardWrapperValve.java:167)
	at org.apache.catalina.core.StandardContextValve.invoke(StandardContextValve.java:90)
	at org.apache.catalina.authenticator.AuthenticatorBase.invoke(AuthenticatorBase.java:483)
	at org.apache.catalina.core.StandardHostValve.invoke(StandardHostValve.java:116)
	at org.apache.catalina.valves.ErrorReportValve.invoke(ErrorReportValve.java:93)
	at org.apache.catalina.core.StandardEngineValve.invoke(StandardEngineValve.java:74)
	at org.apache.catalina.connector.CoyoteAdapter.service(CoyoteAdapter.java:344)
	at org.apache.coyote.http11.Http11Processor.service(Http11Processor.java:398)
	at org.apache.coyote.AbstractProcessorLight.process(AbstractProcessorLight.java:63)
	at org.apache.coyote.AbstractProtocol$ConnectionHandler.process(AbstractProtocol.java:903)
	at org.apache.tomcat.util.net.NioEndpoint$SocketProcessor.doRun(NioEndpoint.java:1776)
	at org.apache.tomcat.util.net.SocketProcessorBase.run(SocketProcessorBase.java:52)
	at org.apache.tomcat.util.threads.ThreadPoolExecutor.runWorker(ThreadPoolExecutor.java:975)
	at org.apache.tomcat.util.threads.ThreadPoolExecutor$Worker.run(ThreadPoolExecutor.java:493)
	at org.apache.tomcat.util.threads.TaskThread$WrappingRunnable.run(TaskThread.java:63)
	at java.base/java.lang.Thread.run(Thread.java:840)
2025-11-03 00:27:34 [INFO][org.hibernate.validator.internal.util.Version][<clinit>][21]-> HV000001: Hibernate Validator 8.0.3.Final
2025-11-03 00:27:34 [INFO][com.yunnanenterprise.QueryAccountTest][logStarting][53]-> Starting QueryAccountTest using Java 17.0.16 with PID 35140 (started by zhang in C:\Users\zhang\Desktop\大创项目\a-yunnan\yunnan_employment_data_collection_system_backend-master\yunnan-enterprise)
2025-11-03 00:27:34 [INFO][com.yunnanenterprise.QueryAccountTest][logStartupProfileInfo][652]-> No active profile set, falling back to 1 default profile: "default"
2025-11-03 00:27:37 [INFO][org.springframework.data.repository.config.RepositoryConfigurationDelegate][multipleStoresDetected][294]-> Multiple Spring Data modules found, entering strict repository configuration mode
2025-11-03 00:27:37 [INFO][org.springframework.data.repository.config.RepositoryConfigurationDelegate][registerRepositoriesIn][145]-> Bootstrapping Spring Data Elasticsearch repositories in DEFAULT mode.
2025-11-03 00:27:37 [INFO][org.springframework.data.repository.config.RepositoryConfigurationDelegate][registerRepositoriesIn][213]-> Finished Spring Data repository scanning in 80 ms. Found 0 Elasticsearch repository interfaces.
2025-11-03 00:27:37 [INFO][org.springframework.data.repository.config.RepositoryConfigurationDelegate][multipleStoresDetected][294]-> Multiple Spring Data modules found, entering strict repository configuration mode
2025-11-03 00:27:37 [INFO][org.springframework.data.repository.config.RepositoryConfigurationDelegate][registerRepositoriesIn][145]-> Bootstrapping Spring Data Reactive Elasticsearch repositories in DEFAULT mode.
2025-11-03 00:27:37 [INFO][org.springframework.data.repository.config.RepositoryConfigurationDelegate][registerRepositoriesIn][213]-> Finished Spring Data repository scanning in 10 ms. Found 0 Reactive Elasticsearch repository interfaces.
2025-11-03 00:27:38 [INFO][org.springframework.data.repository.config.RepositoryConfigurationDelegate][multipleStoresDetected][294]-> Multiple Spring Data modules found, entering strict repository configuration mode
2025-11-03 00:27:38 [INFO][org.springframework.data.repository.config.RepositoryConfigurationDelegate][registerRepositoriesIn][145]-> Bootstrapping Spring Data Redis repositories in DEFAULT mode.
2025-11-03 00:27:38 [INFO][org.springframework.data.repository.config.RepositoryConfigurationDelegate][registerRepositoriesIn][213]-> Finished Spring Data repository scanning in 12 ms. Found 0 Redis repository interfaces.
2025-11-03 00:27:47 [INFO][com.yunnanenterprise.QueryAccountTest][logStarted][59]-> Started QueryAccountTest in 13.516 seconds (process running for 16.526)
2025-11-03 00:27:47 [INFO][com.zaxxer.hikari.HikariDataSource][getConnection][109]-> HikariCPDatasource - Starting...
2025-11-03 00:27:49 [ERROR][com.yunnanenterprise.InitRun][run][31]-> 数据库连接失败，请检查数据库配置！
2025-11-03 00:27:50 [INFO][com.zaxxer.hikari.HikariDataSource][getConnection][109]-> HikariCPDatasource - Starting...
2025-11-03 00:36:16 [ERROR][com.yunnancommon.controller.AGlobalExceptionHandlerController][handleException][22]-> 请求错误，请求地址http://localhost:8082/api/username/login， 错误信息:
org.springframework.web.servlet.resource.NoResourceFoundException: No static resource api/username/login.
	at org.springframework.web.servlet.resource.ResourceHttpRequestHandler.handleRequest(ResourceHttpRequestHandler.java:585)
	at org.springframework.web.servlet.mvc.HttpRequestHandlerAdapter.handle(HttpRequestHandlerAdapter.java:52)
	at org.springframework.web.servlet.DispatcherServlet.doDispatch(DispatcherServlet.java:1089)
	at org.springframework.web.servlet.DispatcherServlet.doService(DispatcherServlet.java:979)
	at org.springframework.web.servlet.FrameworkServlet.processRequest(FrameworkServlet.java:1014)
	at org.springframework.web.servlet.FrameworkServlet.doPost(FrameworkServlet.java:914)
	at jakarta.servlet.http.HttpServlet.service(HttpServlet.java:590)
	at org.springframework.web.servlet.FrameworkServlet.service(FrameworkServlet.java:885)
	at jakarta.servlet.http.HttpServlet.service(HttpServlet.java:658)
	at org.apache.catalina.core.ApplicationFilterChain.internalDoFilter(ApplicationFilterChain.java:195)
	at org.apache.catalina.core.ApplicationFilterChain.doFilter(ApplicationFilterChain.java:140)
	at org.apache.tomcat.websocket.server.WsFilter.doFilter(WsFilter.java:51)
	at org.apache.catalina.core.ApplicationFilterChain.internalDoFilter(ApplicationFilterChain.java:164)
	at org.apache.catalina.core.ApplicationFilterChain.doFilter(ApplicationFilterChain.java:140)
	at org.springframework.web.filter.RequestContextFilter.doFilterInternal(RequestContextFilter.java:100)
	at org.springframework.web.filter.OncePerRequestFilter.doFilter(OncePerRequestFilter.java:116)
	at org.apache.catalina.core.ApplicationFilterChain.internalDoFilter(ApplicationFilterChain.java:164)
	at org.apache.catalina.core.ApplicationFilterChain.doFilter(ApplicationFilterChain.java:140)
	at org.springframework.web.filter.FormContentFilter.doFilterInternal(FormContentFilter.java:93)
	at org.springframework.web.filter.OncePerRequestFilter.doFilter(OncePerRequestFilter.java:116)
	at org.apache.catalina.core.ApplicationFilterChain.internalDoFilter(ApplicationFilterChain.java:164)
	at org.apache.catalina.core.ApplicationFilterChain.doFilter(ApplicationFilterChain.java:140)
	at org.springframework.web.filter.CharacterEncodingFilter.doFilterInternal(CharacterEncodingFilter.java:201)
	at org.springframework.web.filter.OncePerRequestFilter.doFilter(OncePerRequestFilter.java:116)
	at org.apache.catalina.core.ApplicationFilterChain.internalDoFilter(ApplicationFilterChain.java:164)
	at org.apache.catalina.core.ApplicationFilterChain.doFilter(ApplicationFilterChain.java:140)
	at org.apache.catalina.core.StandardWrapperValve.invoke(StandardWrapperValve.java:167)
	at org.apache.catalina.core.StandardContextValve.invoke(StandardContextValve.java:90)
	at org.apache.catalina.authenticator.AuthenticatorBase.invoke(AuthenticatorBase.java:483)
	at org.apache.catalina.core.StandardHostValve.invoke(StandardHostValve.java:116)
	at org.apache.catalina.valves.ErrorReportValve.invoke(ErrorReportValve.java:93)
	at org.apache.catalina.core.StandardEngineValve.invoke(StandardEngineValve.java:74)
	at org.apache.catalina.connector.CoyoteAdapter.service(CoyoteAdapter.java:344)
	at org.apache.coyote.http11.Http11Processor.service(Http11Processor.java:398)
	at org.apache.coyote.AbstractProcessorLight.process(AbstractProcessorLight.java:63)
	at org.apache.coyote.AbstractProtocol$ConnectionHandler.process(AbstractProtocol.java:903)
	at org.apache.tomcat.util.net.NioEndpoint$SocketProcessor.doRun(NioEndpoint.java:1776)
	at org.apache.tomcat.util.net.SocketProcessorBase.run(SocketProcessorBase.java:52)
	at org.apache.tomcat.util.threads.ThreadPoolExecutor.runWorker(ThreadPoolExecutor.java:975)
	at org.apache.tomcat.util.threads.ThreadPoolExecutor$Worker.run(ThreadPoolExecutor.java:493)
	at org.apache.tomcat.util.threads.TaskThread$WrappingRunnable.run(TaskThread.java:63)
	at java.base/java.lang.Thread.run(Thread.java:840)
2025-11-03 01:59:19 [ERROR][com.yunnancommon.controller.AGlobalExceptionHandlerController][handleException][22]-> 请求错误，请求地址http://localhost:8082/api/username/login， 错误信息:
org.springframework.web.servlet.resource.NoResourceFoundException: No static resource api/username/login.
	at org.springframework.web.servlet.resource.ResourceHttpRequestHandler.handleRequest(ResourceHttpRequestHandler.java:585)
	at org.springframework.web.servlet.mvc.HttpRequestHandlerAdapter.handle(HttpRequestHandlerAdapter.java:52)
	at org.springframework.web.servlet.DispatcherServlet.doDispatch(DispatcherServlet.java:1089)
	at org.springframework.web.servlet.DispatcherServlet.doService(DispatcherServlet.java:979)
	at org.springframework.web.servlet.FrameworkServlet.processRequest(FrameworkServlet.java:1014)
	at org.springframework.web.servlet.FrameworkServlet.doPost(FrameworkServlet.java:914)
	at jakarta.servlet.http.HttpServlet.service(HttpServlet.java:590)
	at org.springframework.web.servlet.FrameworkServlet.service(FrameworkServlet.java:885)
	at jakarta.servlet.http.HttpServlet.service(HttpServlet.java:658)
	at org.apache.catalina.core.ApplicationFilterChain.internalDoFilter(ApplicationFilterChain.java:195)
	at org.apache.catalina.core.ApplicationFilterChain.doFilter(ApplicationFilterChain.java:140)
	at org.apache.tomcat.websocket.server.WsFilter.doFilter(WsFilter.java:51)
	at org.apache.catalina.core.ApplicationFilterChain.internalDoFilter(ApplicationFilterChain.java:164)
	at org.apache.catalina.core.ApplicationFilterChain.doFilter(ApplicationFilterChain.java:140)
	at org.springframework.web.filter.RequestContextFilter.doFilterInternal(RequestContextFilter.java:100)
	at org.springframework.web.filter.OncePerRequestFilter.doFilter(OncePerRequestFilter.java:116)
	at org.apache.catalina.core.ApplicationFilterChain.internalDoFilter(ApplicationFilterChain.java:164)
	at org.apache.catalina.core.ApplicationFilterChain.doFilter(ApplicationFilterChain.java:140)
	at org.springframework.web.filter.FormContentFilter.doFilterInternal(FormContentFilter.java:93)
	at org.springframework.web.filter.OncePerRequestFilter.doFilter(OncePerRequestFilter.java:116)
	at org.apache.catalina.core.ApplicationFilterChain.internalDoFilter(ApplicationFilterChain.java:164)
	at org.apache.catalina.core.ApplicationFilterChain.doFilter(ApplicationFilterChain.java:140)
	at org.springframework.web.filter.CharacterEncodingFilter.doFilterInternal(CharacterEncodingFilter.java:201)
	at org.springframework.web.filter.OncePerRequestFilter.doFilter(OncePerRequestFilter.java:116)
	at org.apache.catalina.core.ApplicationFilterChain.internalDoFilter(ApplicationFilterChain.java:164)
	at org.apache.catalina.core.ApplicationFilterChain.doFilter(ApplicationFilterChain.java:140)
	at org.apache.catalina.core.StandardWrapperValve.invoke(StandardWrapperValve.java:167)
	at org.apache.catalina.core.StandardContextValve.invoke(StandardContextValve.java:90)
	at org.apache.catalina.authenticator.AuthenticatorBase.invoke(AuthenticatorBase.java:483)
	at org.apache.catalina.core.StandardHostValve.invoke(StandardHostValve.java:116)
	at org.apache.catalina.valves.ErrorReportValve.invoke(ErrorReportValve.java:93)
	at org.apache.catalina.core.StandardEngineValve.invoke(StandardEngineValve.java:74)
	at org.apache.catalina.connector.CoyoteAdapter.service(CoyoteAdapter.java:344)
	at org.apache.coyote.http11.Http11Processor.service(Http11Processor.java:398)
	at org.apache.coyote.AbstractProcessorLight.process(AbstractProcessorLight.java:63)
	at org.apache.coyote.AbstractProtocol$ConnectionHandler.process(AbstractProtocol.java:903)
	at org.apache.tomcat.util.net.NioEndpoint$SocketProcessor.doRun(NioEndpoint.java:1776)
	at org.apache.tomcat.util.net.SocketProcessorBase.run(SocketProcessorBase.java:52)
	at org.apache.tomcat.util.threads.ThreadPoolExecutor.runWorker(ThreadPoolExecutor.java:975)
	at org.apache.tomcat.util.threads.ThreadPoolExecutor$Worker.run(ThreadPoolExecutor.java:493)
	at org.apache.tomcat.util.threads.TaskThread$WrappingRunnable.run(TaskThread.java:63)
	at java.base/java.lang.Thread.run(Thread.java:840)
2025-11-03 02:03:33 [INFO][org.springframework.boot.web.embedded.tomcat.GracefulShutdown][shutDownGracefully][54]-> Commencing graceful shutdown. Waiting for active requests to complete
2025-11-03 02:03:33 [INFO][org.springframework.boot.web.embedded.tomcat.GracefulShutdown][doShutdown][76]-> Graceful shutdown complete
2025-11-03 02:04:31 [INFO][org.hibernate.validator.internal.util.Version][<clinit>][21]-> HV000001: Hibernate Validator 8.0.3.Final
2025-11-03 02:04:31 [INFO][com.yunnanenterprise.YunnanEnterpriseApplication][logStarting][53]-> Starting YunnanEnterpriseApplication using Java 17.0.16 with PID 37768 (C:\Users\zhang\Desktop\大创项目\a-yunnan\yunnan_employment_data_collection_system_backend-master\yunnan-enterprise\target\classes started by zhang in C:\Users\zhang\Desktop\大创项目\a-yunnan\yunnan_employment_data_collection_system_backend-master\yunnan-enterprise)
2025-11-03 02:04:31 [INFO][com.yunnanenterprise.YunnanEnterpriseApplication][logStartupProfileInfo][652]-> No active profile set, falling back to 1 default profile: "default"
2025-11-03 02:04:32 [INFO][org.springframework.data.repository.config.RepositoryConfigurationDelegate][multipleStoresDetected][294]-> Multiple Spring Data modules found, entering strict repository configuration mode
2025-11-03 02:04:32 [INFO][org.springframework.data.repository.config.RepositoryConfigurationDelegate][registerRepositoriesIn][145]-> Bootstrapping Spring Data Elasticsearch repositories in DEFAULT mode.
2025-11-03 02:04:32 [INFO][org.springframework.data.repository.config.RepositoryConfigurationDelegate][registerRepositoriesIn][213]-> Finished Spring Data repository scanning in 14 ms. Found 0 Elasticsearch repository interfaces.
2025-11-03 02:04:32 [INFO][org.springframework.data.repository.config.RepositoryConfigurationDelegate][multipleStoresDetected][294]-> Multiple Spring Data modules found, entering strict repository configuration mode
2025-11-03 02:04:32 [INFO][org.springframework.data.repository.config.RepositoryConfigurationDelegate][registerRepositoriesIn][145]-> Bootstrapping Spring Data Reactive Elasticsearch repositories in DEFAULT mode.
2025-11-03 02:04:32 [INFO][org.springframework.data.repository.config.RepositoryConfigurationDelegate][registerRepositoriesIn][213]-> Finished Spring Data repository scanning in 3 ms. Found 0 Reactive Elasticsearch repository interfaces.
2025-11-03 02:04:32 [INFO][org.springframework.data.repository.config.RepositoryConfigurationDelegate][multipleStoresDetected][294]-> Multiple Spring Data modules found, entering strict repository configuration mode
2025-11-03 02:04:32 [INFO][org.springframework.data.repository.config.RepositoryConfigurationDelegate][registerRepositoriesIn][145]-> Bootstrapping Spring Data Redis repositories in DEFAULT mode.
2025-11-03 02:04:32 [INFO][org.springframework.data.repository.config.RepositoryConfigurationDelegate][registerRepositoriesIn][213]-> Finished Spring Data repository scanning in 6 ms. Found 0 Redis repository interfaces.
2025-11-03 02:04:33 [INFO][org.springframework.boot.web.embedded.tomcat.TomcatWebServer][initialize][111]-> Tomcat initialized with port 8082 (http)
2025-11-03 02:04:33 [INFO][org.apache.coyote.http11.Http11NioProtocol][log][168]-> Initializing ProtocolHandler ["http-nio-8082"]
2025-11-03 02:04:33 [INFO][org.apache.catalina.core.StandardService][log][168]-> Starting service [Tomcat]
2025-11-03 02:04:33 [INFO][org.apache.catalina.core.StandardEngine][log][168]-> Starting Servlet engine: [Apache Tomcat/10.1.46]
2025-11-03 02:04:33 [INFO][org.apache.catalina.core.ContainerBase.[Tomcat].[localhost].[/]][log][168]-> Initializing Spring embedded WebApplicationContext
2025-11-03 02:04:33 [INFO][org.springframework.boot.web.servlet.context.ServletWebServerApplicationContext][prepareWebApplicationContext][301]-> Root WebApplicationContext: initialization completed in 1642 ms
2025-11-03 02:04:35 [INFO][org.apache.coyote.http11.Http11NioProtocol][log][168]-> Starting ProtocolHandler ["http-nio-8082"]
2025-11-03 02:04:35 [INFO][org.springframework.boot.web.embedded.tomcat.TomcatWebServer][start][243]-> Tomcat started on port 8082 (http) with context path '/'
2025-11-03 02:04:35 [INFO][com.yunnanenterprise.YunnanEnterpriseApplication][logStarted][59]-> Started YunnanEnterpriseApplication in 4.328 seconds (process running for 4.672)
2025-11-03 02:04:35 [INFO][com.zaxxer.hikari.HikariDataSource][getConnection][109]-> HikariCPDatasource - Starting...
2025-11-03 02:04:36 [ERROR][com.yunnanenterprise.InitRun][run][31]-> 数据库连接失败，请检查数据库配置！
2025-11-03 02:04:51 [INFO][org.apache.catalina.core.ContainerBase.[Tomcat].[localhost].[/]][log][168]-> Initializing Spring DispatcherServlet 'dispatcherServlet'
2025-11-03 02:04:51 [INFO][org.springframework.web.servlet.DispatcherServlet][initServletBean][532]-> Initializing Servlet 'dispatcherServlet'
2025-11-03 02:04:51 [INFO][org.springframework.web.servlet.DispatcherServlet][initServletBean][554]-> Completed initialization in 9 ms
2025-11-03 02:04:51 [ERROR][com.yunnancommon.controller.AGlobalExceptionHandlerController][handleException][22]-> 请求错误，请求地址http://localhost:8082/api/username/login， 错误信息:
org.springframework.web.servlet.resource.NoResourceFoundException: No static resource api/username/login.
	at org.springframework.web.servlet.resource.ResourceHttpRequestHandler.handleRequest(ResourceHttpRequestHandler.java:585)
	at org.springframework.web.servlet.mvc.HttpRequestHandlerAdapter.handle(HttpRequestHandlerAdapter.java:52)
	at org.springframework.web.servlet.DispatcherServlet.doDispatch(DispatcherServlet.java:1089)
	at org.springframework.web.servlet.DispatcherServlet.doService(DispatcherServlet.java:979)
	at org.springframework.web.servlet.FrameworkServlet.processRequest(FrameworkServlet.java:1014)
	at org.springframework.web.servlet.FrameworkServlet.doPost(FrameworkServlet.java:914)
	at jakarta.servlet.http.HttpServlet.service(HttpServlet.java:590)
	at org.springframework.web.servlet.FrameworkServlet.service(FrameworkServlet.java:885)
	at jakarta.servlet.http.HttpServlet.service(HttpServlet.java:658)
	at org.apache.catalina.core.ApplicationFilterChain.internalDoFilter(ApplicationFilterChain.java:195)
	at org.apache.catalina.core.ApplicationFilterChain.doFilter(ApplicationFilterChain.java:140)
	at org.apache.tomcat.websocket.server.WsFilter.doFilter(WsFilter.java:51)
	at org.apache.catalina.core.ApplicationFilterChain.internalDoFilter(ApplicationFilterChain.java:164)
	at org.apache.catalina.core.ApplicationFilterChain.doFilter(ApplicationFilterChain.java:140)
	at org.springframework.web.filter.RequestContextFilter.doFilterInternal(RequestContextFilter.java:100)
	at org.springframework.web.filter.OncePerRequestFilter.doFilter(OncePerRequestFilter.java:116)
	at org.apache.catalina.core.ApplicationFilterChain.internalDoFilter(ApplicationFilterChain.java:164)
	at org.apache.catalina.core.ApplicationFilterChain.doFilter(ApplicationFilterChain.java:140)
	at org.springframework.web.filter.FormContentFilter.doFilterInternal(FormContentFilter.java:93)
	at org.springframework.web.filter.OncePerRequestFilter.doFilter(OncePerRequestFilter.java:116)
	at org.apache.catalina.core.ApplicationFilterChain.internalDoFilter(ApplicationFilterChain.java:164)
	at org.apache.catalina.core.ApplicationFilterChain.doFilter(ApplicationFilterChain.java:140)
	at org.springframework.web.filter.CharacterEncodingFilter.doFilterInternal(CharacterEncodingFilter.java:201)
	at org.springframework.web.filter.OncePerRequestFilter.doFilter(OncePerRequestFilter.java:116)
	at org.apache.catalina.core.ApplicationFilterChain.internalDoFilter(ApplicationFilterChain.java:164)
	at org.apache.catalina.core.ApplicationFilterChain.doFilter(ApplicationFilterChain.java:140)
	at org.apache.catalina.core.StandardWrapperValve.invoke(StandardWrapperValve.java:167)
	at org.apache.catalina.core.StandardContextValve.invoke(StandardContextValve.java:90)
	at org.apache.catalina.authenticator.AuthenticatorBase.invoke(AuthenticatorBase.java:483)
	at org.apache.catalina.core.StandardHostValve.invoke(StandardHostValve.java:116)
	at org.apache.catalina.valves.ErrorReportValve.invoke(ErrorReportValve.java:93)
	at org.apache.catalina.core.StandardEngineValve.invoke(StandardEngineValve.java:74)
	at org.apache.catalina.connector.CoyoteAdapter.service(CoyoteAdapter.java:344)
	at org.apache.coyote.http11.Http11Processor.service(Http11Processor.java:398)
	at org.apache.coyote.AbstractProcessorLight.process(AbstractProcessorLight.java:63)
	at org.apache.coyote.AbstractProtocol$ConnectionHandler.process(AbstractProtocol.java:903)
	at org.apache.tomcat.util.net.NioEndpoint$SocketProcessor.doRun(NioEndpoint.java:1776)
	at org.apache.tomcat.util.net.SocketProcessorBase.run(SocketProcessorBase.java:52)
	at org.apache.tomcat.util.threads.ThreadPoolExecutor.runWorker(ThreadPoolExecutor.java:975)
	at org.apache.tomcat.util.threads.ThreadPoolExecutor$Worker.run(ThreadPoolExecutor.java:493)
	at org.apache.tomcat.util.threads.TaskThread$WrappingRunnable.run(TaskThread.java:63)
	at java.base/java.lang.Thread.run(Thread.java:840)
2025-11-03 02:07:22 [INFO][org.springframework.boot.web.embedded.tomcat.GracefulShutdown][shutDownGracefully][54]-> Commencing graceful shutdown. Waiting for active requests to complete
2025-11-03 02:07:22 [INFO][org.springframework.boot.web.embedded.tomcat.GracefulShutdown][doShutdown][76]-> Graceful shutdown complete
2025-11-03 02:08:47 [INFO][org.hibernate.validator.internal.util.Version][<clinit>][21]-> HV000001: Hibernate Validator 8.0.3.Final
2025-11-03 02:08:48 [INFO][com.yunnanenterprise.YunnanEnterpriseApplication][logStarting][53]-> Starting YunnanEnterpriseApplication using Java 17.0.16 with PID 53008 (C:\Users\zhang\Desktop\大创项目\a-yunnan\yunnan_employment_data_collection_system_backend-master\yunnan-enterprise\target\classes started by zhang in C:\Users\zhang\Desktop\大创项目\a-yunnan\yunnan_employment_data_collection_system_backend-master\yunnan-enterprise)
2025-11-03 02:08:48 [INFO][com.yunnanenterprise.YunnanEnterpriseApplication][logStartupProfileInfo][652]-> No active profile set, falling back to 1 default profile: "default"
2025-11-03 02:08:48 [INFO][org.springframework.data.repository.config.RepositoryConfigurationDelegate][multipleStoresDetected][294]-> Multiple Spring Data modules found, entering strict repository configuration mode
2025-11-03 02:08:48 [INFO][org.springframework.data.repository.config.RepositoryConfigurationDelegate][registerRepositoriesIn][145]-> Bootstrapping Spring Data Elasticsearch repositories in DEFAULT mode.
2025-11-03 02:08:48 [INFO][org.springframework.data.repository.config.RepositoryConfigurationDelegate][registerRepositoriesIn][213]-> Finished Spring Data repository scanning in 11 ms. Found 0 Elasticsearch repository interfaces.
2025-11-03 02:08:49 [INFO][org.springframework.data.repository.config.RepositoryConfigurationDelegate][multipleStoresDetected][294]-> Multiple Spring Data modules found, entering strict repository configuration mode
2025-11-03 02:08:49 [INFO][org.springframework.data.repository.config.RepositoryConfigurationDelegate][registerRepositoriesIn][145]-> Bootstrapping Spring Data Reactive Elasticsearch repositories in DEFAULT mode.
2025-11-03 02:08:49 [INFO][org.springframework.data.repository.config.RepositoryConfigurationDelegate][registerRepositoriesIn][213]-> Finished Spring Data repository scanning in 4 ms. Found 0 Reactive Elasticsearch repository interfaces.
2025-11-03 02:08:49 [INFO][org.springframework.data.repository.config.RepositoryConfigurationDelegate][multipleStoresDetected][294]-> Multiple Spring Data modules found, entering strict repository configuration mode
2025-11-03 02:08:49 [INFO][org.springframework.data.repository.config.RepositoryConfigurationDelegate][registerRepositoriesIn][145]-> Bootstrapping Spring Data Redis repositories in DEFAULT mode.
2025-11-03 02:08:49 [INFO][org.springframework.data.repository.config.RepositoryConfigurationDelegate][registerRepositoriesIn][213]-> Finished Spring Data repository scanning in 5 ms. Found 0 Redis repository interfaces.
2025-11-03 02:08:49 [INFO][org.springframework.boot.web.embedded.tomcat.TomcatWebServer][initialize][111]-> Tomcat initialized with port 8082 (http)
2025-11-03 02:08:49 [INFO][org.apache.coyote.http11.Http11NioProtocol][log][168]-> Initializing ProtocolHandler ["http-nio-8082"]
2025-11-03 02:08:49 [INFO][org.apache.catalina.core.StandardService][log][168]-> Starting service [Tomcat]
2025-11-03 02:08:49 [INFO][org.apache.catalina.core.StandardEngine][log][168]-> Starting Servlet engine: [Apache Tomcat/10.1.46]
2025-11-03 02:08:49 [INFO][org.apache.catalina.core.ContainerBase.[Tomcat].[localhost].[/]][log][168]-> Initializing Spring embedded WebApplicationContext
2025-11-03 02:08:49 [INFO][org.springframework.boot.web.servlet.context.ServletWebServerApplicationContext][prepareWebApplicationContext][301]-> Root WebApplicationContext: initialization completed in 1602 ms
2025-11-03 02:08:51 [INFO][org.apache.coyote.http11.Http11NioProtocol][log][168]-> Starting ProtocolHandler ["http-nio-8082"]
2025-11-03 02:08:51 [INFO][org.springframework.boot.web.embedded.tomcat.TomcatWebServer][start][243]-> Tomcat started on port 8082 (http) with context path '/'
2025-11-03 02:08:51 [INFO][com.yunnanenterprise.YunnanEnterpriseApplication][logStarted][59]-> Started YunnanEnterpriseApplication in 3.778 seconds (process running for 4.244)
2025-11-03 02:08:51 [INFO][com.zaxxer.hikari.HikariDataSource][getConnection][109]-> HikariCPDatasource - Starting...
2025-11-03 02:08:51 [INFO][com.zaxxer.hikari.pool.HikariPool][checkFailFast][580]-> HikariCPDatasource - Added connection com.mysql.cj.jdbc.ConnectionImpl@7fce1069
2025-11-03 02:08:51 [INFO][com.zaxxer.hikari.HikariDataSource][getConnection][122]-> HikariCPDatasource - Start completed.
2025-11-03 02:08:51 [ERROR][com.yunnanenterprise.InitRun][run][33]-> Redis连接失败，请检查Redis配置！
2025-11-03 02:09:12 [INFO][org.apache.catalina.core.ContainerBase.[Tomcat].[localhost].[/]][log][168]-> Initializing Spring DispatcherServlet 'dispatcherServlet'
2025-11-03 02:09:12 [INFO][org.springframework.web.servlet.DispatcherServlet][initServletBean][532]-> Initializing Servlet 'dispatcherServlet'
2025-11-03 02:09:12 [INFO][org.springframework.web.servlet.DispatcherServlet][initServletBean][554]-> Completed initialization in 2 ms
2025-11-03 02:09:12 [ERROR][com.yunnancommon.controller.AGlobalExceptionHandlerController][handleException][22]-> 请求错误，请求地址http://localhost:8082/api/username/login， 错误信息:
org.springframework.web.servlet.resource.NoResourceFoundException: No static resource api/username/login.
	at org.springframework.web.servlet.resource.ResourceHttpRequestHandler.handleRequest(ResourceHttpRequestHandler.java:585)
	at org.springframework.web.servlet.mvc.HttpRequestHandlerAdapter.handle(HttpRequestHandlerAdapter.java:52)
	at org.springframework.web.servlet.DispatcherServlet.doDispatch(DispatcherServlet.java:1089)
	at org.springframework.web.servlet.DispatcherServlet.doService(DispatcherServlet.java:979)
	at org.springframework.web.servlet.FrameworkServlet.processRequest(FrameworkServlet.java:1014)
	at org.springframework.web.servlet.FrameworkServlet.doPost(FrameworkServlet.java:914)
	at jakarta.servlet.http.HttpServlet.service(HttpServlet.java:590)
	at org.springframework.web.servlet.FrameworkServlet.service(FrameworkServlet.java:885)
	at jakarta.servlet.http.HttpServlet.service(HttpServlet.java:658)
	at org.apache.catalina.core.ApplicationFilterChain.internalDoFilter(ApplicationFilterChain.java:195)
	at org.apache.catalina.core.ApplicationFilterChain.doFilter(ApplicationFilterChain.java:140)
	at org.apache.tomcat.websocket.server.WsFilter.doFilter(WsFilter.java:51)
	at org.apache.catalina.core.ApplicationFilterChain.internalDoFilter(ApplicationFilterChain.java:164)
	at org.apache.catalina.core.ApplicationFilterChain.doFilter(ApplicationFilterChain.java:140)
	at org.springframework.web.filter.RequestContextFilter.doFilterInternal(RequestContextFilter.java:100)
	at org.springframework.web.filter.OncePerRequestFilter.doFilter(OncePerRequestFilter.java:116)
	at org.apache.catalina.core.ApplicationFilterChain.internalDoFilter(ApplicationFilterChain.java:164)
	at org.apache.catalina.core.ApplicationFilterChain.doFilter(ApplicationFilterChain.java:140)
	at org.springframework.web.filter.FormContentFilter.doFilterInternal(FormContentFilter.java:93)
	at org.springframework.web.filter.OncePerRequestFilter.doFilter(OncePerRequestFilter.java:116)
	at org.apache.catalina.core.ApplicationFilterChain.internalDoFilter(ApplicationFilterChain.java:164)
	at org.apache.catalina.core.ApplicationFilterChain.doFilter(ApplicationFilterChain.java:140)
	at org.springframework.web.filter.CharacterEncodingFilter.doFilterInternal(CharacterEncodingFilter.java:201)
	at org.springframework.web.filter.OncePerRequestFilter.doFilter(OncePerRequestFilter.java:116)
	at org.apache.catalina.core.ApplicationFilterChain.internalDoFilter(ApplicationFilterChain.java:164)
	at org.apache.catalina.core.ApplicationFilterChain.doFilter(ApplicationFilterChain.java:140)
	at org.apache.catalina.core.StandardWrapperValve.invoke(StandardWrapperValve.java:167)
	at org.apache.catalina.core.StandardContextValve.invoke(StandardContextValve.java:90)
	at org.apache.catalina.authenticator.AuthenticatorBase.invoke(AuthenticatorBase.java:483)
	at org.apache.catalina.core.StandardHostValve.invoke(StandardHostValve.java:116)
	at org.apache.catalina.valves.ErrorReportValve.invoke(ErrorReportValve.java:93)
	at org.apache.catalina.core.StandardEngineValve.invoke(StandardEngineValve.java:74)
	at org.apache.catalina.connector.CoyoteAdapter.service(CoyoteAdapter.java:344)
	at org.apache.coyote.http11.Http11Processor.service(Http11Processor.java:398)
	at org.apache.coyote.AbstractProcessorLight.process(AbstractProcessorLight.java:63)
	at org.apache.coyote.AbstractProtocol$ConnectionHandler.process(AbstractProtocol.java:903)
	at org.apache.tomcat.util.net.NioEndpoint$SocketProcessor.doRun(NioEndpoint.java:1776)
	at org.apache.tomcat.util.net.SocketProcessorBase.run(SocketProcessorBase.java:52)
	at org.apache.tomcat.util.threads.ThreadPoolExecutor.runWorker(ThreadPoolExecutor.java:975)
	at org.apache.tomcat.util.threads.ThreadPoolExecutor$Worker.run(ThreadPoolExecutor.java:493)
	at org.apache.tomcat.util.threads.TaskThread$WrappingRunnable.run(TaskThread.java:63)
	at java.base/java.lang.Thread.run(Thread.java:840)
2025-11-03 02:10:18 [ERROR][com.yunnancommon.redis.RedisUtils][setex][80]-> 设置redisKey:yunnan:token:enterprise:cc78d6b218cb49288ef3caf03bb8628c,value:TokenInfoVO(token=cc78d6b218cb49288ef3caf03bb8628c, enterpriseInfo=企业ID:E48260021273246716765,组织机构代码:,企业名称:企业A,所属地区:空,所属性质:空,所属行业:空,主要经营业务详情:,联系人名称:,联系人地址:,邮政编码:,联系电话:,传真号:,邮箱:,状态: 0-创建未备案 1-已备案未审核 2-已退回 3-正常(已备案已审核) 4-倒闭:0,企业创建时间:2025-11-03 01:58:33,企业信息修改时间:2025-11-03 01:58:33)失败
2025-11-03 02:10:18 [ERROR][com.yunnancommon.controller.AGlobalExceptionHandlerController][handleException][22]-> 请求错误，请求地址http://localhost:8082/api/account/login， 错误信息:
org.springframework.data.redis.RedisConnectionFailureException: Unable to connect to Redis
	at org.springframework.data.redis.connection.lettuce.LettuceConnectionFactory$ExceptionTranslatingConnectionProvider.translateException(LettuceConnectionFactory.java:1866)
	at org.springframework.data.redis.connection.lettuce.LettuceConnectionFactory$ExceptionTranslatingConnectionProvider.getConnection(LettuceConnectionFactory.java:1797)
	at org.springframework.data.redis.connection.lettuce.LettuceConnectionFactory$SharedConnection.getNativeConnection(LettuceConnectionFactory.java:1594)
	at org.springframework.data.redis.connection.lettuce.LettuceConnectionFactory$SharedConnection.lambda$getConnection$0(LettuceConnectionFactory.java:1574)
	at org.springframework.data.redis.connection.lettuce.LettuceConnectionFactory.doInLock(LettuceConnectionFactory.java:1535)
	at org.springframework.data.redis.connection.lettuce.LettuceConnectionFactory$SharedConnection.getConnection(LettuceConnectionFactory.java:1571)
	at org.springframework.data.redis.connection.lettuce.LettuceConnectionFactory.getSharedConnection(LettuceConnectionFactory.java:1257)
	at org.springframework.data.redis.connection.lettuce.LettuceConnectionFactory.getConnection(LettuceConnectionFactory.java:1063)
	at org.springframework.data.redis.core.RedisConnectionUtils.fetchConnection(RedisConnectionUtils.java:195)
	at org.springframework.data.redis.core.RedisConnectionUtils.doGetConnection(RedisConnectionUtils.java:144)
	at org.springframework.data.redis.core.RedisConnectionUtils.getConnection(RedisConnectionUtils.java:105)
	at org.springframework.data.redis.core.RedisTemplate.execute(RedisTemplate.java:400)
	at org.springframework.data.redis.core.RedisTemplate.execute(RedisTemplate.java:380)
	at org.springframework.data.redis.core.RedisTemplate.doWithKeys(RedisTemplate.java:802)
	at org.springframework.data.redis.core.RedisTemplate.delete(RedisTemplate.java:595)
	at com.yunnancommon.redis.RedisUtils.delete(RedisUtils.java:31)
	at com.yunnancommon.component.RedisComponent.cleanEnterpriseTokenInfo(RedisComponent.java:25)
	at com.yunnanenterprise.controller.AccountController.login(AccountController.java:47)
	at java.base/jdk.internal.reflect.NativeMethodAccessorImpl.invoke0(Native Method)
	at java.base/jdk.internal.reflect.NativeMethodAccessorImpl.invoke(NativeMethodAccessorImpl.java:77)
	at java.base/jdk.internal.reflect.DelegatingMethodAccessorImpl.invoke(DelegatingMethodAccessorImpl.java:43)
	at java.base/java.lang.reflect.Method.invoke(Method.java:569)
	at org.springframework.web.method.support.InvocableHandlerMethod.doInvoke(InvocableHandlerMethod.java:258)
	at org.springframework.web.method.support.InvocableHandlerMethod.invokeForRequest(InvocableHandlerMethod.java:191)
	at org.springframework.web.servlet.mvc.method.annotation.ServletInvocableHandlerMethod.invokeAndHandle(ServletInvocableHandlerMethod.java:118)
	at org.springframework.web.servlet.mvc.method.annotation.RequestMappingHandlerAdapter.invokeHandlerMethod(RequestMappingHandlerAdapter.java:991)
	at org.springframework.web.servlet.mvc.method.annotation.RequestMappingHandlerAdapter.handleInternal(RequestMappingHandlerAdapter.java:896)
	at org.springframework.web.servlet.mvc.method.AbstractHandlerMethodAdapter.handle(AbstractHandlerMethodAdapter.java:87)
	at org.springframework.web.servlet.DispatcherServlet.doDispatch(DispatcherServlet.java:1089)
	at org.springframework.web.servlet.DispatcherServlet.doService(DispatcherServlet.java:979)
	at org.springframework.web.servlet.FrameworkServlet.processRequest(FrameworkServlet.java:1014)
	at org.springframework.web.servlet.FrameworkServlet.doPost(FrameworkServlet.java:914)
	at jakarta.servlet.http.HttpServlet.service(HttpServlet.java:590)
	at org.springframework.web.servlet.FrameworkServlet.service(FrameworkServlet.java:885)
	at jakarta.servlet.http.HttpServlet.service(HttpServlet.java:658)
	at org.apache.catalina.core.ApplicationFilterChain.internalDoFilter(ApplicationFilterChain.java:195)
	at org.apache.catalina.core.ApplicationFilterChain.doFilter(ApplicationFilterChain.java:140)
	at org.apache.tomcat.websocket.server.WsFilter.doFilter(WsFilter.java:51)
	at org.apache.catalina.core.ApplicationFilterChain.internalDoFilter(ApplicationFilterChain.java:164)
	at org.apache.catalina.core.ApplicationFilterChain.doFilter(ApplicationFilterChain.java:140)
	at org.springframework.web.filter.RequestContextFilter.doFilterInternal(RequestContextFilter.java:100)
	at org.springframework.web.filter.OncePerRequestFilter.doFilter(OncePerRequestFilter.java:116)
	at org.apache.catalina.core.ApplicationFilterChain.internalDoFilter(ApplicationFilterChain.java:164)
	at org.apache.catalina.core.ApplicationFilterChain.doFilter(ApplicationFilterChain.java:140)
	at org.springframework.web.filter.FormContentFilter.doFilterInternal(FormContentFilter.java:93)
	at org.springframework.web.filter.OncePerRequestFilter.doFilter(OncePerRequestFilter.java:116)
	at org.apache.catalina.core.ApplicationFilterChain.internalDoFilter(ApplicationFilterChain.java:164)
	at org.apache.catalina.core.ApplicationFilterChain.doFilter(ApplicationFilterChain.java:140)
	at org.springframework.web.filter.CharacterEncodingFilter.doFilterInternal(CharacterEncodingFilter.java:201)
	at org.springframework.web.filter.OncePerRequestFilter.doFilter(OncePerRequestFilter.java:116)
	at org.apache.catalina.core.ApplicationFilterChain.internalDoFilter(ApplicationFilterChain.java:164)
	at org.apache.catalina.core.ApplicationFilterChain.doFilter(ApplicationFilterChain.java:140)
	at org.apache.catalina.core.StandardWrapperValve.invoke(StandardWrapperValve.java:167)
	at org.apache.catalina.core.StandardContextValve.invoke(StandardContextValve.java:90)
	at org.apache.catalina.authenticator.AuthenticatorBase.invoke(AuthenticatorBase.java:483)
	at org.apache.catalina.core.StandardHostValve.invoke(StandardHostValve.java:116)
	at org.apache.catalina.valves.ErrorReportValve.invoke(ErrorReportValve.java:93)
	at org.apache.catalina.core.StandardEngineValve.invoke(StandardEngineValve.java:74)
	at org.apache.catalina.connector.CoyoteAdapter.service(CoyoteAdapter.java:344)
	at org.apache.coyote.http11.Http11Processor.service(Http11Processor.java:398)
	at org.apache.coyote.AbstractProcessorLight.process(AbstractProcessorLight.java:63)
	at org.apache.coyote.AbstractProtocol$ConnectionHandler.process(AbstractProtocol.java:903)
	at org.apache.tomcat.util.net.NioEndpoint$SocketProcessor.doRun(NioEndpoint.java:1776)
	at org.apache.tomcat.util.net.SocketProcessorBase.run(SocketProcessorBase.java:52)
	at org.apache.tomcat.util.threads.ThreadPoolExecutor.runWorker(ThreadPoolExecutor.java:975)
	at org.apache.tomcat.util.threads.ThreadPoolExecutor$Worker.run(ThreadPoolExecutor.java:493)
	at org.apache.tomcat.util.threads.TaskThread$WrappingRunnable.run(TaskThread.java:63)
	at java.base/java.lang.Thread.run(Thread.java:840)
Caused by: io.lettuce.core.RedisConnectionException: Unable to connect to 127.0.0.1/<unresolved>:6379
	at io.lettuce.core.RedisConnectionException.create(RedisConnectionException.java:63)
	at io.lettuce.core.RedisConnectionException.create(RedisConnectionException.java:41)
	at io.lettuce.core.AbstractRedisClient.getConnection(AbstractRedisClient.java:354)
	at io.lettuce.core.RedisClient.connect(RedisClient.java:220)
	at org.springframework.data.redis.connection.lettuce.StandaloneConnectionProvider.lambda$getConnection$1(StandaloneConnectionProvider.java:112)
	at java.base/java.util.Optional.orElseGet(Optional.java:364)
	at org.springframework.data.redis.connection.lettuce.StandaloneConnectionProvider.getConnection(StandaloneConnectionProvider.java:112)
	at org.springframework.data.redis.connection.lettuce.LettuceConnectionFactory$ExceptionTranslatingConnectionProvider.getConnection(LettuceConnectionFactory.java:1795)
	... 66 common frames omitted
Caused by: io.netty.channel.AbstractChannel$AnnotatedConnectException: Connection refused: getsockopt: /127.0.0.1:6379
Caused by: java.net.ConnectException: Connection refused: getsockopt
	at java.base/sun.nio.ch.Net.pollConnect(Native Method)
	at java.base/sun.nio.ch.Net.pollConnectNow(Net.java:672)
	at java.base/sun.nio.ch.SocketChannelImpl.finishConnect(SocketChannelImpl.java:946)
	at io.netty.channel.socket.nio.NioSocketChannel.doFinishConnect(NioSocketChannel.java:336)
	at io.netty.channel.nio.AbstractNioChannel$AbstractNioUnsafe.finishConnect(AbstractNioChannel.java:339)
	at io.netty.channel.nio.NioEventLoop.processSelectedKey(NioEventLoop.java:784)
	at io.netty.channel.nio.NioEventLoop.processSelectedKeysOptimized(NioEventLoop.java:732)
	at io.netty.channel.nio.NioEventLoop.processSelectedKeys(NioEventLoop.java:658)
	at io.netty.channel.nio.NioEventLoop.run(NioEventLoop.java:562)
	at io.netty.util.concurrent.SingleThreadEventExecutor$4.run(SingleThreadEventExecutor.java:998)
	at io.netty.util.internal.ThreadExecutorMap$2.run(ThreadExecutorMap.java:74)
	at io.netty.util.concurrent.FastThreadLocalRunnable.run(FastThreadLocalRunnable.java:30)
	at java.base/java.lang.Thread.run(Thread.java:840)
2025-11-03 02:10:27 [INFO][org.springframework.boot.web.embedded.tomcat.GracefulShutdown][shutDownGracefully][54]-> Commencing graceful shutdown. Waiting for active requests to complete
2025-11-03 02:10:27 [INFO][org.springframework.boot.web.embedded.tomcat.GracefulShutdown][doShutdown][76]-> Graceful shutdown complete
2025-11-03 02:10:27 [INFO][com.zaxxer.hikari.HikariDataSource][close][349]-> HikariCPDatasource - Shutdown initiated...
2025-11-03 02:10:27 [INFO][com.zaxxer.hikari.HikariDataSource][close][351]-> HikariCPDatasource - Shutdown completed.
2025-11-03 02:10:48 [INFO][org.hibernate.validator.internal.util.Version][<clinit>][21]-> HV000001: Hibernate Validator 8.0.3.Final
2025-11-03 02:10:48 [INFO][com.yunnanenterprise.YunnanEnterpriseApplication][logStarting][53]-> Starting YunnanEnterpriseApplication using Java 17.0.16 with PID 56784 (C:\Users\zhang\Desktop\大创项目\a-yunnan\yunnan_employment_data_collection_system_backend-master\yunnan-enterprise\target\classes started by zhang in C:\Users\zhang\Desktop\大创项目\a-yunnan\yunnan_employment_data_collection_system_backend-master\yunnan-enterprise)
2025-11-03 02:10:48 [INFO][com.yunnanenterprise.YunnanEnterpriseApplication][logStartupProfileInfo][652]-> No active profile set, falling back to 1 default profile: "default"
2025-11-03 02:10:49 [INFO][org.springframework.data.repository.config.RepositoryConfigurationDelegate][multipleStoresDetected][294]-> Multiple Spring Data modules found, entering strict repository configuration mode
2025-11-03 02:10:49 [INFO][org.springframework.data.repository.config.RepositoryConfigurationDelegate][registerRepositoriesIn][145]-> Bootstrapping Spring Data Elasticsearch repositories in DEFAULT mode.
2025-11-03 02:10:49 [INFO][org.springframework.data.repository.config.RepositoryConfigurationDelegate][registerRepositoriesIn][213]-> Finished Spring Data repository scanning in 16 ms. Found 0 Elasticsearch repository interfaces.
2025-11-03 02:10:49 [INFO][org.springframework.data.repository.config.RepositoryConfigurationDelegate][multipleStoresDetected][294]-> Multiple Spring Data modules found, entering strict repository configuration mode
2025-11-03 02:10:49 [INFO][org.springframework.data.repository.config.RepositoryConfigurationDelegate][registerRepositoriesIn][145]-> Bootstrapping Spring Data Reactive Elasticsearch repositories in DEFAULT mode.
2025-11-03 02:10:49 [INFO][org.springframework.data.repository.config.RepositoryConfigurationDelegate][registerRepositoriesIn][213]-> Finished Spring Data repository scanning in 6 ms. Found 0 Reactive Elasticsearch repository interfaces.
2025-11-03 02:10:49 [INFO][org.springframework.data.repository.config.RepositoryConfigurationDelegate][multipleStoresDetected][294]-> Multiple Spring Data modules found, entering strict repository configuration mode
2025-11-03 02:10:49 [INFO][org.springframework.data.repository.config.RepositoryConfigurationDelegate][registerRepositoriesIn][145]-> Bootstrapping Spring Data Redis repositories in DEFAULT mode.
2025-11-03 02:10:49 [INFO][org.springframework.data.repository.config.RepositoryConfigurationDelegate][registerRepositoriesIn][213]-> Finished Spring Data repository scanning in 5 ms. Found 0 Redis repository interfaces.
2025-11-03 02:10:50 [INFO][org.springframework.boot.web.embedded.tomcat.TomcatWebServer][initialize][111]-> Tomcat initialized with port 8082 (http)
2025-11-03 02:10:50 [INFO][org.apache.coyote.http11.Http11NioProtocol][log][168]-> Initializing ProtocolHandler ["http-nio-8082"]
2025-11-03 02:10:50 [INFO][org.apache.catalina.core.StandardService][log][168]-> Starting service [Tomcat]
2025-11-03 02:10:50 [INFO][org.apache.catalina.core.StandardEngine][log][168]-> Starting Servlet engine: [Apache Tomcat/10.1.46]
2025-11-03 02:10:50 [INFO][org.apache.catalina.core.ContainerBase.[Tomcat].[localhost].[/]][log][168]-> Initializing Spring embedded WebApplicationContext
2025-11-03 02:10:50 [INFO][org.springframework.boot.web.servlet.context.ServletWebServerApplicationContext][prepareWebApplicationContext][301]-> Root WebApplicationContext: initialization completed in 2016 ms
2025-11-03 02:10:52 [INFO][org.apache.coyote.http11.Http11NioProtocol][log][168]-> Starting ProtocolHandler ["http-nio-8082"]
2025-11-03 02:10:52 [INFO][org.springframework.boot.web.embedded.tomcat.TomcatWebServer][start][243]-> Tomcat started on port 8082 (http) with context path '/'
2025-11-03 02:10:52 [INFO][com.yunnanenterprise.YunnanEnterpriseApplication][logStarted][59]-> Started YunnanEnterpriseApplication in 4.382 seconds (process running for 4.902)
2025-11-03 02:10:52 [INFO][com.zaxxer.hikari.HikariDataSource][getConnection][109]-> HikariCPDatasource - Starting...
2025-11-03 02:10:52 [INFO][com.zaxxer.hikari.pool.HikariPool][checkFailFast][580]-> HikariCPDatasource - Added connection com.mysql.cj.jdbc.ConnectionImpl@550574cb
2025-11-03 02:10:52 [INFO][com.zaxxer.hikari.HikariDataSource][getConnection][122]-> HikariCPDatasource - Start completed.
2025-11-03 02:10:53 [ERROR][com.yunnanenterprise.InitRun][run][33]-> Redis连接失败，请检查Redis配置！
2025-11-03 02:10:59 [INFO][org.apache.catalina.core.ContainerBase.[Tomcat].[localhost].[/]][log][168]-> Initializing Spring DispatcherServlet 'dispatcherServlet'
2025-11-03 02:10:59 [INFO][org.springframework.web.servlet.DispatcherServlet][initServletBean][532]-> Initializing Servlet 'dispatcherServlet'
2025-11-03 02:10:59 [INFO][org.springframework.web.servlet.DispatcherServlet][initServletBean][554]-> Completed initialization in 0 ms
2025-11-03 02:10:59 [ERROR][com.yunnancommon.redis.RedisUtils][setex][80]-> 设置redisKey:yunnan:token:enterprise:dedd3a2a89e943aeb2a0f025b4cd1ce3,value:TokenInfoVO(token=dedd3a2a89e943aeb2a0f025b4cd1ce3, enterpriseInfo=企业ID:E48260021273246716765,组织机构代码:,企业名称:企业A,所属地区:空,所属性质:空,所属行业:空,主要经营业务详情:,联系人名称:,联系人地址:,邮政编码:,联系电话:,传真号:,邮箱:,状态: 0-创建未备案 1-已备案未审核 2-已退回 3-正常(已备案已审核) 4-倒闭:0,企业创建时间:2025-11-03 01:58:33,企业信息修改时间:2025-11-03 01:58:33)失败
2025-11-03 02:10:59 [ERROR][com.yunnancommon.controller.AGlobalExceptionHandlerController][handleException][22]-> 请求错误，请求地址http://localhost:8082/api/account/login， 错误信息:
org.springframework.data.redis.RedisConnectionFailureException: Unable to connect to Redis
	at org.springframework.data.redis.connection.lettuce.LettuceConnectionFactory$ExceptionTranslatingConnectionProvider.translateException(LettuceConnectionFactory.java:1866)
	at org.springframework.data.redis.connection.lettuce.LettuceConnectionFactory$ExceptionTranslatingConnectionProvider.getConnection(LettuceConnectionFactory.java:1797)
	at org.springframework.data.redis.connection.lettuce.LettuceConnectionFactory$SharedConnection.getNativeConnection(LettuceConnectionFactory.java:1594)
	at org.springframework.data.redis.connection.lettuce.LettuceConnectionFactory$SharedConnection.lambda$getConnection$0(LettuceConnectionFactory.java:1574)
	at org.springframework.data.redis.connection.lettuce.LettuceConnectionFactory.doInLock(LettuceConnectionFactory.java:1535)
	at org.springframework.data.redis.connection.lettuce.LettuceConnectionFactory$SharedConnection.getConnection(LettuceConnectionFactory.java:1571)
	at org.springframework.data.redis.connection.lettuce.LettuceConnectionFactory.getSharedConnection(LettuceConnectionFactory.java:1257)
	at org.springframework.data.redis.connection.lettuce.LettuceConnectionFactory.getConnection(LettuceConnectionFactory.java:1063)
	at org.springframework.data.redis.core.RedisConnectionUtils.fetchConnection(RedisConnectionUtils.java:195)
	at org.springframework.data.redis.core.RedisConnectionUtils.doGetConnection(RedisConnectionUtils.java:144)
	at org.springframework.data.redis.core.RedisConnectionUtils.getConnection(RedisConnectionUtils.java:105)
	at org.springframework.data.redis.core.RedisTemplate.execute(RedisTemplate.java:400)
	at org.springframework.data.redis.core.RedisTemplate.execute(RedisTemplate.java:380)
	at org.springframework.data.redis.core.RedisTemplate.doWithKeys(RedisTemplate.java:802)
	at org.springframework.data.redis.core.RedisTemplate.delete(RedisTemplate.java:595)
	at com.yunnancommon.redis.RedisUtils.delete(RedisUtils.java:31)
	at com.yunnancommon.component.RedisComponent.cleanEnterpriseTokenInfo(RedisComponent.java:25)
	at com.yunnanenterprise.controller.AccountController.login(AccountController.java:47)
	at java.base/jdk.internal.reflect.NativeMethodAccessorImpl.invoke0(Native Method)
	at java.base/jdk.internal.reflect.NativeMethodAccessorImpl.invoke(NativeMethodAccessorImpl.java:77)
	at java.base/jdk.internal.reflect.DelegatingMethodAccessorImpl.invoke(DelegatingMethodAccessorImpl.java:43)
	at java.base/java.lang.reflect.Method.invoke(Method.java:569)
	at org.springframework.web.method.support.InvocableHandlerMethod.doInvoke(InvocableHandlerMethod.java:258)
	at org.springframework.web.method.support.InvocableHandlerMethod.invokeForRequest(InvocableHandlerMethod.java:191)
	at org.springframework.web.servlet.mvc.method.annotation.ServletInvocableHandlerMethod.invokeAndHandle(ServletInvocableHandlerMethod.java:118)
	at org.springframework.web.servlet.mvc.method.annotation.RequestMappingHandlerAdapter.invokeHandlerMethod(RequestMappingHandlerAdapter.java:991)
	at org.springframework.web.servlet.mvc.method.annotation.RequestMappingHandlerAdapter.handleInternal(RequestMappingHandlerAdapter.java:896)
	at org.springframework.web.servlet.mvc.method.AbstractHandlerMethodAdapter.handle(AbstractHandlerMethodAdapter.java:87)
	at org.springframework.web.servlet.DispatcherServlet.doDispatch(DispatcherServlet.java:1089)
	at org.springframework.web.servlet.DispatcherServlet.doService(DispatcherServlet.java:979)
	at org.springframework.web.servlet.FrameworkServlet.processRequest(FrameworkServlet.java:1014)
	at org.springframework.web.servlet.FrameworkServlet.doPost(FrameworkServlet.java:914)
	at jakarta.servlet.http.HttpServlet.service(HttpServlet.java:590)
	at org.springframework.web.servlet.FrameworkServlet.service(FrameworkServlet.java:885)
	at jakarta.servlet.http.HttpServlet.service(HttpServlet.java:658)
	at org.apache.catalina.core.ApplicationFilterChain.internalDoFilter(ApplicationFilterChain.java:195)
	at org.apache.catalina.core.ApplicationFilterChain.doFilter(ApplicationFilterChain.java:140)
	at org.apache.tomcat.websocket.server.WsFilter.doFilter(WsFilter.java:51)
	at org.apache.catalina.core.ApplicationFilterChain.internalDoFilter(ApplicationFilterChain.java:164)
	at org.apache.catalina.core.ApplicationFilterChain.doFilter(ApplicationFilterChain.java:140)
	at org.springframework.web.filter.RequestContextFilter.doFilterInternal(RequestContextFilter.java:100)
	at org.springframework.web.filter.OncePerRequestFilter.doFilter(OncePerRequestFilter.java:116)
	at org.apache.catalina.core.ApplicationFilterChain.internalDoFilter(ApplicationFilterChain.java:164)
	at org.apache.catalina.core.ApplicationFilterChain.doFilter(ApplicationFilterChain.java:140)
	at org.springframework.web.filter.FormContentFilter.doFilterInternal(FormContentFilter.java:93)
	at org.springframework.web.filter.OncePerRequestFilter.doFilter(OncePerRequestFilter.java:116)
	at org.apache.catalina.core.ApplicationFilterChain.internalDoFilter(ApplicationFilterChain.java:164)
	at org.apache.catalina.core.ApplicationFilterChain.doFilter(ApplicationFilterChain.java:140)
	at org.springframework.web.filter.CharacterEncodingFilter.doFilterInternal(CharacterEncodingFilter.java:201)
	at org.springframework.web.filter.OncePerRequestFilter.doFilter(OncePerRequestFilter.java:116)
	at org.apache.catalina.core.ApplicationFilterChain.internalDoFilter(ApplicationFilterChain.java:164)
	at org.apache.catalina.core.ApplicationFilterChain.doFilter(ApplicationFilterChain.java:140)
	at org.apache.catalina.core.StandardWrapperValve.invoke(StandardWrapperValve.java:167)
	at org.apache.catalina.core.StandardContextValve.invoke(StandardContextValve.java:90)
	at org.apache.catalina.authenticator.AuthenticatorBase.invoke(AuthenticatorBase.java:483)
	at org.apache.catalina.core.StandardHostValve.invoke(StandardHostValve.java:116)
	at org.apache.catalina.valves.ErrorReportValve.invoke(ErrorReportValve.java:93)
	at org.apache.catalina.core.StandardEngineValve.invoke(StandardEngineValve.java:74)
	at org.apache.catalina.connector.CoyoteAdapter.service(CoyoteAdapter.java:344)
	at org.apache.coyote.http11.Http11Processor.service(Http11Processor.java:398)
	at org.apache.coyote.AbstractProcessorLight.process(AbstractProcessorLight.java:63)
	at org.apache.coyote.AbstractProtocol$ConnectionHandler.process(AbstractProtocol.java:903)
	at org.apache.tomcat.util.net.NioEndpoint$SocketProcessor.doRun(NioEndpoint.java:1776)
	at org.apache.tomcat.util.net.SocketProcessorBase.run(SocketProcessorBase.java:52)
	at org.apache.tomcat.util.threads.ThreadPoolExecutor.runWorker(ThreadPoolExecutor.java:975)
	at org.apache.tomcat.util.threads.ThreadPoolExecutor$Worker.run(ThreadPoolExecutor.java:493)
	at org.apache.tomcat.util.threads.TaskThread$WrappingRunnable.run(TaskThread.java:63)
	at java.base/java.lang.Thread.run(Thread.java:840)
Caused by: io.lettuce.core.RedisConnectionException: Unable to connect to 127.0.0.1/<unresolved>:6379
	at io.lettuce.core.RedisConnectionException.create(RedisConnectionException.java:63)
	at io.lettuce.core.RedisConnectionException.create(RedisConnectionException.java:41)
	at io.lettuce.core.AbstractRedisClient.getConnection(AbstractRedisClient.java:354)
	at io.lettuce.core.RedisClient.connect(RedisClient.java:220)
	at org.springframework.data.redis.connection.lettuce.StandaloneConnectionProvider.lambda$getConnection$1(StandaloneConnectionProvider.java:112)
	at java.base/java.util.Optional.orElseGet(Optional.java:364)
	at org.springframework.data.redis.connection.lettuce.StandaloneConnectionProvider.getConnection(StandaloneConnectionProvider.java:112)
	at org.springframework.data.redis.connection.lettuce.LettuceConnectionFactory$ExceptionTranslatingConnectionProvider.getConnection(LettuceConnectionFactory.java:1795)
	... 66 common frames omitted
Caused by: io.netty.channel.AbstractChannel$AnnotatedConnectException: Connection refused: getsockopt: /127.0.0.1:6379
Caused by: java.net.ConnectException: Connection refused: getsockopt
	at java.base/sun.nio.ch.Net.pollConnect(Native Method)
	at java.base/sun.nio.ch.Net.pollConnectNow(Net.java:672)
	at java.base/sun.nio.ch.SocketChannelImpl.finishConnect(SocketChannelImpl.java:946)
	at io.netty.channel.socket.nio.NioSocketChannel.doFinishConnect(NioSocketChannel.java:336)
	at io.netty.channel.nio.AbstractNioChannel$AbstractNioUnsafe.finishConnect(AbstractNioChannel.java:339)
	at io.netty.channel.nio.NioEventLoop.processSelectedKey(NioEventLoop.java:784)
	at io.netty.channel.nio.NioEventLoop.processSelectedKeysOptimized(NioEventLoop.java:732)
	at io.netty.channel.nio.NioEventLoop.processSelectedKeys(NioEventLoop.java:658)
	at io.netty.channel.nio.NioEventLoop.run(NioEventLoop.java:562)
	at io.netty.util.concurrent.SingleThreadEventExecutor$4.run(SingleThreadEventExecutor.java:998)
	at io.netty.util.internal.ThreadExecutorMap$2.run(ThreadExecutorMap.java:74)
	at io.netty.util.concurrent.FastThreadLocalRunnable.run(FastThreadLocalRunnable.java:30)
	at java.base/java.lang.Thread.run(Thread.java:840)
2025-11-03 02:11:00 [ERROR][com.yunnancommon.redis.RedisUtils][setex][80]-> 设置redisKey:yunnan:token:enterprise:b323ad3efbc1483cb4225dc249f90e79,value:TokenInfoVO(token=b323ad3efbc1483cb4225dc249f90e79, enterpriseInfo=企业ID:E48260021273246716765,组织机构代码:,企业名称:企业A,所属地区:空,所属性质:空,所属行业:空,主要经营业务详情:,联系人名称:,联系人地址:,邮政编码:,联系电话:,传真号:,邮箱:,状态: 0-创建未备案 1-已备案未审核 2-已退回 3-正常(已备案已审核) 4-倒闭:0,企业创建时间:2025-11-03 01:58:33,企业信息修改时间:2025-11-03 01:58:33)失败
2025-11-03 02:11:00 [ERROR][com.yunnancommon.controller.AGlobalExceptionHandlerController][handleException][22]-> 请求错误，请求地址http://localhost:8082/api/account/login， 错误信息:
org.springframework.data.redis.RedisConnectionFailureException: Unable to connect to Redis
	at org.springframework.data.redis.connection.lettuce.LettuceConnectionFactory$ExceptionTranslatingConnectionProvider.translateException(LettuceConnectionFactory.java:1866)
	at org.springframework.data.redis.connection.lettuce.LettuceConnectionFactory$ExceptionTranslatingConnectionProvider.getConnection(LettuceConnectionFactory.java:1797)
	at org.springframework.data.redis.connection.lettuce.LettuceConnectionFactory$SharedConnection.getNativeConnection(LettuceConnectionFactory.java:1594)
	at org.springframework.data.redis.connection.lettuce.LettuceConnectionFactory$SharedConnection.lambda$getConnection$0(LettuceConnectionFactory.java:1574)
	at org.springframework.data.redis.connection.lettuce.LettuceConnectionFactory.doInLock(LettuceConnectionFactory.java:1535)
	at org.springframework.data.redis.connection.lettuce.LettuceConnectionFactory$SharedConnection.getConnection(LettuceConnectionFactory.java:1571)
	at org.springframework.data.redis.connection.lettuce.LettuceConnectionFactory.getSharedConnection(LettuceConnectionFactory.java:1257)
	at org.springframework.data.redis.connection.lettuce.LettuceConnectionFactory.getConnection(LettuceConnectionFactory.java:1063)
	at org.springframework.data.redis.core.RedisConnectionUtils.fetchConnection(RedisConnectionUtils.java:195)
	at org.springframework.data.redis.core.RedisConnectionUtils.doGetConnection(RedisConnectionUtils.java:144)
	at org.springframework.data.redis.core.RedisConnectionUtils.getConnection(RedisConnectionUtils.java:105)
	at org.springframework.data.redis.core.RedisTemplate.execute(RedisTemplate.java:400)
	at org.springframework.data.redis.core.RedisTemplate.execute(RedisTemplate.java:380)
	at org.springframework.data.redis.core.RedisTemplate.doWithKeys(RedisTemplate.java:802)
	at org.springframework.data.redis.core.RedisTemplate.delete(RedisTemplate.java:595)
	at com.yunnancommon.redis.RedisUtils.delete(RedisUtils.java:31)
	at com.yunnancommon.component.RedisComponent.cleanEnterpriseTokenInfo(RedisComponent.java:25)
	at com.yunnanenterprise.controller.AccountController.login(AccountController.java:47)
	at java.base/jdk.internal.reflect.NativeMethodAccessorImpl.invoke0(Native Method)
	at java.base/jdk.internal.reflect.NativeMethodAccessorImpl.invoke(NativeMethodAccessorImpl.java:77)
	at java.base/jdk.internal.reflect.DelegatingMethodAccessorImpl.invoke(DelegatingMethodAccessorImpl.java:43)
	at java.base/java.lang.reflect.Method.invoke(Method.java:569)
	at org.springframework.web.method.support.InvocableHandlerMethod.doInvoke(InvocableHandlerMethod.java:258)
	at org.springframework.web.method.support.InvocableHandlerMethod.invokeForRequest(InvocableHandlerMethod.java:191)
	at org.springframework.web.servlet.mvc.method.annotation.ServletInvocableHandlerMethod.invokeAndHandle(ServletInvocableHandlerMethod.java:118)
	at org.springframework.web.servlet.mvc.method.annotation.RequestMappingHandlerAdapter.invokeHandlerMethod(RequestMappingHandlerAdapter.java:991)
	at org.springframework.web.servlet.mvc.method.annotation.RequestMappingHandlerAdapter.handleInternal(RequestMappingHandlerAdapter.java:896)
	at org.springframework.web.servlet.mvc.method.AbstractHandlerMethodAdapter.handle(AbstractHandlerMethodAdapter.java:87)
	at org.springframework.web.servlet.DispatcherServlet.doDispatch(DispatcherServlet.java:1089)
	at org.springframework.web.servlet.DispatcherServlet.doService(DispatcherServlet.java:979)
	at org.springframework.web.servlet.FrameworkServlet.processRequest(FrameworkServlet.java:1014)
	at org.springframework.web.servlet.FrameworkServlet.doPost(FrameworkServlet.java:914)
	at jakarta.servlet.http.HttpServlet.service(HttpServlet.java:590)
	at org.springframework.web.servlet.FrameworkServlet.service(FrameworkServlet.java:885)
	at jakarta.servlet.http.HttpServlet.service(HttpServlet.java:658)
	at org.apache.catalina.core.ApplicationFilterChain.internalDoFilter(ApplicationFilterChain.java:195)
	at org.apache.catalina.core.ApplicationFilterChain.doFilter(ApplicationFilterChain.java:140)
	at org.apache.tomcat.websocket.server.WsFilter.doFilter(WsFilter.java:51)
	at org.apache.catalina.core.ApplicationFilterChain.internalDoFilter(ApplicationFilterChain.java:164)
	at org.apache.catalina.core.ApplicationFilterChain.doFilter(ApplicationFilterChain.java:140)
	at org.springframework.web.filter.RequestContextFilter.doFilterInternal(RequestContextFilter.java:100)
	at org.springframework.web.filter.OncePerRequestFilter.doFilter(OncePerRequestFilter.java:116)
	at org.apache.catalina.core.ApplicationFilterChain.internalDoFilter(ApplicationFilterChain.java:164)
	at org.apache.catalina.core.ApplicationFilterChain.doFilter(ApplicationFilterChain.java:140)
	at org.springframework.web.filter.FormContentFilter.doFilterInternal(FormContentFilter.java:93)
	at org.springframework.web.filter.OncePerRequestFilter.doFilter(OncePerRequestFilter.java:116)
	at org.apache.catalina.core.ApplicationFilterChain.internalDoFilter(ApplicationFilterChain.java:164)
	at org.apache.catalina.core.ApplicationFilterChain.doFilter(ApplicationFilterChain.java:140)
	at org.springframework.web.filter.CharacterEncodingFilter.doFilterInternal(CharacterEncodingFilter.java:201)
	at org.springframework.web.filter.OncePerRequestFilter.doFilter(OncePerRequestFilter.java:116)
	at org.apache.catalina.core.ApplicationFilterChain.internalDoFilter(ApplicationFilterChain.java:164)
	at org.apache.catalina.core.ApplicationFilterChain.doFilter(ApplicationFilterChain.java:140)
	at org.apache.catalina.core.StandardWrapperValve.invoke(StandardWrapperValve.java:167)
	at org.apache.catalina.core.StandardContextValve.invoke(StandardContextValve.java:90)
	at org.apache.catalina.authenticator.AuthenticatorBase.invoke(AuthenticatorBase.java:483)
	at org.apache.catalina.core.StandardHostValve.invoke(StandardHostValve.java:116)
	at org.apache.catalina.valves.ErrorReportValve.invoke(ErrorReportValve.java:93)
	at org.apache.catalina.core.StandardEngineValve.invoke(StandardEngineValve.java:74)
	at org.apache.catalina.connector.CoyoteAdapter.service(CoyoteAdapter.java:344)
	at org.apache.coyote.http11.Http11Processor.service(Http11Processor.java:398)
	at org.apache.coyote.AbstractProcessorLight.process(AbstractProcessorLight.java:63)
	at org.apache.coyote.AbstractProtocol$ConnectionHandler.process(AbstractProtocol.java:903)
	at org.apache.tomcat.util.net.NioEndpoint$SocketProcessor.doRun(NioEndpoint.java:1776)
	at org.apache.tomcat.util.net.SocketProcessorBase.run(SocketProcessorBase.java:52)
	at org.apache.tomcat.util.threads.ThreadPoolExecutor.runWorker(ThreadPoolExecutor.java:975)
	at org.apache.tomcat.util.threads.ThreadPoolExecutor$Worker.run(ThreadPoolExecutor.java:493)
	at org.apache.tomcat.util.threads.TaskThread$WrappingRunnable.run(TaskThread.java:63)
	at java.base/java.lang.Thread.run(Thread.java:840)
Caused by: io.lettuce.core.RedisConnectionException: Unable to connect to 127.0.0.1/<unresolved>:6379
	at io.lettuce.core.RedisConnectionException.create(RedisConnectionException.java:63)
	at io.lettuce.core.RedisConnectionException.create(RedisConnectionException.java:41)
	at io.lettuce.core.AbstractRedisClient.getConnection(AbstractRedisClient.java:354)
	at io.lettuce.core.RedisClient.connect(RedisClient.java:220)
	at org.springframework.data.redis.connection.lettuce.StandaloneConnectionProvider.lambda$getConnection$1(StandaloneConnectionProvider.java:112)
	at java.base/java.util.Optional.orElseGet(Optional.java:364)
	at org.springframework.data.redis.connection.lettuce.StandaloneConnectionProvider.getConnection(StandaloneConnectionProvider.java:112)
	at org.springframework.data.redis.connection.lettuce.LettuceConnectionFactory$ExceptionTranslatingConnectionProvider.getConnection(LettuceConnectionFactory.java:1795)
	... 66 common frames omitted
Caused by: io.netty.channel.AbstractChannel$AnnotatedConnectException: Connection refused: getsockopt: /127.0.0.1:6379
Caused by: java.net.ConnectException: Connection refused: getsockopt
	at java.base/sun.nio.ch.Net.pollConnect(Native Method)
	at java.base/sun.nio.ch.Net.pollConnectNow(Net.java:672)
	at java.base/sun.nio.ch.SocketChannelImpl.finishConnect(SocketChannelImpl.java:946)
	at io.netty.channel.socket.nio.NioSocketChannel.doFinishConnect(NioSocketChannel.java:336)
	at io.netty.channel.nio.AbstractNioChannel$AbstractNioUnsafe.finishConnect(AbstractNioChannel.java:339)
	at io.netty.channel.nio.NioEventLoop.processSelectedKey(NioEventLoop.java:784)
	at io.netty.channel.nio.NioEventLoop.processSelectedKeysOptimized(NioEventLoop.java:732)
	at io.netty.channel.nio.NioEventLoop.processSelectedKeys(NioEventLoop.java:658)
	at io.netty.channel.nio.NioEventLoop.run(NioEventLoop.java:562)
	at io.netty.util.concurrent.SingleThreadEventExecutor$4.run(SingleThreadEventExecutor.java:998)
	at io.netty.util.internal.ThreadExecutorMap$2.run(ThreadExecutorMap.java:74)
	at io.netty.util.concurrent.FastThreadLocalRunnable.run(FastThreadLocalRunnable.java:30)
	at java.base/java.lang.Thread.run(Thread.java:840)
2025-11-03 02:11:00 [ERROR][com.yunnancommon.redis.RedisUtils][setex][80]-> 设置redisKey:yunnan:token:enterprise:ec227974c63143f28b43bd4dce614f4e,value:TokenInfoVO(token=ec227974c63143f28b43bd4dce614f4e, enterpriseInfo=企业ID:E48260021273246716765,组织机构代码:,企业名称:企业A,所属地区:空,所属性质:空,所属行业:空,主要经营业务详情:,联系人名称:,联系人地址:,邮政编码:,联系电话:,传真号:,邮箱:,状态: 0-创建未备案 1-已备案未审核 2-已退回 3-正常(已备案已审核) 4-倒闭:0,企业创建时间:2025-11-03 01:58:33,企业信息修改时间:2025-11-03 01:58:33)失败
2025-11-03 02:11:00 [ERROR][com.yunnancommon.controller.AGlobalExceptionHandlerController][handleException][22]-> 请求错误，请求地址http://localhost:8082/api/account/login， 错误信息:
org.springframework.data.redis.RedisConnectionFailureException: Unable to connect to Redis
	at org.springframework.data.redis.connection.lettuce.LettuceConnectionFactory$ExceptionTranslatingConnectionProvider.translateException(LettuceConnectionFactory.java:1866)
	at org.springframework.data.redis.connection.lettuce.LettuceConnectionFactory$ExceptionTranslatingConnectionProvider.getConnection(LettuceConnectionFactory.java:1797)
	at org.springframework.data.redis.connection.lettuce.LettuceConnectionFactory$SharedConnection.getNativeConnection(LettuceConnectionFactory.java:1594)
	at org.springframework.data.redis.connection.lettuce.LettuceConnectionFactory$SharedConnection.lambda$getConnection$0(LettuceConnectionFactory.java:1574)
	at org.springframework.data.redis.connection.lettuce.LettuceConnectionFactory.doInLock(LettuceConnectionFactory.java:1535)
	at org.springframework.data.redis.connection.lettuce.LettuceConnectionFactory$SharedConnection.getConnection(LettuceConnectionFactory.java:1571)
	at org.springframework.data.redis.connection.lettuce.LettuceConnectionFactory.getSharedConnection(LettuceConnectionFactory.java:1257)
	at org.springframework.data.redis.connection.lettuce.LettuceConnectionFactory.getConnection(LettuceConnectionFactory.java:1063)
	at org.springframework.data.redis.core.RedisConnectionUtils.fetchConnection(RedisConnectionUtils.java:195)
	at org.springframework.data.redis.core.RedisConnectionUtils.doGetConnection(RedisConnectionUtils.java:144)
	at org.springframework.data.redis.core.RedisConnectionUtils.getConnection(RedisConnectionUtils.java:105)
	at org.springframework.data.redis.core.RedisTemplate.execute(RedisTemplate.java:400)
	at org.springframework.data.redis.core.RedisTemplate.execute(RedisTemplate.java:380)
	at org.springframework.data.redis.core.RedisTemplate.doWithKeys(RedisTemplate.java:802)
	at org.springframework.data.redis.core.RedisTemplate.delete(RedisTemplate.java:595)
	at com.yunnancommon.redis.RedisUtils.delete(RedisUtils.java:31)
	at com.yunnancommon.component.RedisComponent.cleanEnterpriseTokenInfo(RedisComponent.java:25)
	at com.yunnanenterprise.controller.AccountController.login(AccountController.java:47)
	at java.base/jdk.internal.reflect.NativeMethodAccessorImpl.invoke0(Native Method)
	at java.base/jdk.internal.reflect.NativeMethodAccessorImpl.invoke(NativeMethodAccessorImpl.java:77)
	at java.base/jdk.internal.reflect.DelegatingMethodAccessorImpl.invoke(DelegatingMethodAccessorImpl.java:43)
	at java.base/java.lang.reflect.Method.invoke(Method.java:569)
	at org.springframework.web.method.support.InvocableHandlerMethod.doInvoke(InvocableHandlerMethod.java:258)
	at org.springframework.web.method.support.InvocableHandlerMethod.invokeForRequest(InvocableHandlerMethod.java:191)
	at org.springframework.web.servlet.mvc.method.annotation.ServletInvocableHandlerMethod.invokeAndHandle(ServletInvocableHandlerMethod.java:118)
	at org.springframework.web.servlet.mvc.method.annotation.RequestMappingHandlerAdapter.invokeHandlerMethod(RequestMappingHandlerAdapter.java:991)
	at org.springframework.web.servlet.mvc.method.annotation.RequestMappingHandlerAdapter.handleInternal(RequestMappingHandlerAdapter.java:896)
	at org.springframework.web.servlet.mvc.method.AbstractHandlerMethodAdapter.handle(AbstractHandlerMethodAdapter.java:87)
	at org.springframework.web.servlet.DispatcherServlet.doDispatch(DispatcherServlet.java:1089)
	at org.springframework.web.servlet.DispatcherServlet.doService(DispatcherServlet.java:979)
	at org.springframework.web.servlet.FrameworkServlet.processRequest(FrameworkServlet.java:1014)
	at org.springframework.web.servlet.FrameworkServlet.doPost(FrameworkServlet.java:914)
	at jakarta.servlet.http.HttpServlet.service(HttpServlet.java:590)
	at org.springframework.web.servlet.FrameworkServlet.service(FrameworkServlet.java:885)
	at jakarta.servlet.http.HttpServlet.service(HttpServlet.java:658)
	at org.apache.catalina.core.ApplicationFilterChain.internalDoFilter(ApplicationFilterChain.java:195)
	at org.apache.catalina.core.ApplicationFilterChain.doFilter(ApplicationFilterChain.java:140)
	at org.apache.tomcat.websocket.server.WsFilter.doFilter(WsFilter.java:51)
	at org.apache.catalina.core.ApplicationFilterChain.internalDoFilter(ApplicationFilterChain.java:164)
	at org.apache.catalina.core.ApplicationFilterChain.doFilter(ApplicationFilterChain.java:140)
	at org.springframework.web.filter.RequestContextFilter.doFilterInternal(RequestContextFilter.java:100)
	at org.springframework.web.filter.OncePerRequestFilter.doFilter(OncePerRequestFilter.java:116)
	at org.apache.catalina.core.ApplicationFilterChain.internalDoFilter(ApplicationFilterChain.java:164)
	at org.apache.catalina.core.ApplicationFilterChain.doFilter(ApplicationFilterChain.java:140)
	at org.springframework.web.filter.FormContentFilter.doFilterInternal(FormContentFilter.java:93)
	at org.springframework.web.filter.OncePerRequestFilter.doFilter(OncePerRequestFilter.java:116)
	at org.apache.catalina.core.ApplicationFilterChain.internalDoFilter(ApplicationFilterChain.java:164)
	at org.apache.catalina.core.ApplicationFilterChain.doFilter(ApplicationFilterChain.java:140)
	at org.springframework.web.filter.CharacterEncodingFilter.doFilterInternal(CharacterEncodingFilter.java:201)
	at org.springframework.web.filter.OncePerRequestFilter.doFilter(OncePerRequestFilter.java:116)
	at org.apache.catalina.core.ApplicationFilterChain.internalDoFilter(ApplicationFilterChain.java:164)
	at org.apache.catalina.core.ApplicationFilterChain.doFilter(ApplicationFilterChain.java:140)
	at org.apache.catalina.core.StandardWrapperValve.invoke(StandardWrapperValve.java:167)
	at org.apache.catalina.core.StandardContextValve.invoke(StandardContextValve.java:90)
	at org.apache.catalina.authenticator.AuthenticatorBase.invoke(AuthenticatorBase.java:483)
	at org.apache.catalina.core.StandardHostValve.invoke(StandardHostValve.java:116)
	at org.apache.catalina.valves.ErrorReportValve.invoke(ErrorReportValve.java:93)
	at org.apache.catalina.core.StandardEngineValve.invoke(StandardEngineValve.java:74)
	at org.apache.catalina.connector.CoyoteAdapter.service(CoyoteAdapter.java:344)
	at org.apache.coyote.http11.Http11Processor.service(Http11Processor.java:398)
	at org.apache.coyote.AbstractProcessorLight.process(AbstractProcessorLight.java:63)
	at org.apache.coyote.AbstractProtocol$ConnectionHandler.process(AbstractProtocol.java:903)
	at org.apache.tomcat.util.net.NioEndpoint$SocketProcessor.doRun(NioEndpoint.java:1776)
	at org.apache.tomcat.util.net.SocketProcessorBase.run(SocketProcessorBase.java:52)
	at org.apache.tomcat.util.threads.ThreadPoolExecutor.runWorker(ThreadPoolExecutor.java:975)
	at org.apache.tomcat.util.threads.ThreadPoolExecutor$Worker.run(ThreadPoolExecutor.java:493)
	at org.apache.tomcat.util.threads.TaskThread$WrappingRunnable.run(TaskThread.java:63)
	at java.base/java.lang.Thread.run(Thread.java:840)
Caused by: io.lettuce.core.RedisConnectionException: Unable to connect to 127.0.0.1/<unresolved>:6379
	at io.lettuce.core.RedisConnectionException.create(RedisConnectionException.java:63)
	at io.lettuce.core.RedisConnectionException.create(RedisConnectionException.java:41)
	at io.lettuce.core.AbstractRedisClient.getConnection(AbstractRedisClient.java:354)
	at io.lettuce.core.RedisClient.connect(RedisClient.java:220)
	at org.springframework.data.redis.connection.lettuce.StandaloneConnectionProvider.lambda$getConnection$1(StandaloneConnectionProvider.java:112)
	at java.base/java.util.Optional.orElseGet(Optional.java:364)
	at org.springframework.data.redis.connection.lettuce.StandaloneConnectionProvider.getConnection(StandaloneConnectionProvider.java:112)
	at org.springframework.data.redis.connection.lettuce.LettuceConnectionFactory$ExceptionTranslatingConnectionProvider.getConnection(LettuceConnectionFactory.java:1795)
	... 66 common frames omitted
Caused by: io.netty.channel.AbstractChannel$AnnotatedConnectException: Connection refused: getsockopt: /127.0.0.1:6379
Caused by: java.net.ConnectException: Connection refused: getsockopt
	at java.base/sun.nio.ch.Net.pollConnect(Native Method)
	at java.base/sun.nio.ch.Net.pollConnectNow(Net.java:672)
	at java.base/sun.nio.ch.SocketChannelImpl.finishConnect(SocketChannelImpl.java:946)
	at io.netty.channel.socket.nio.NioSocketChannel.doFinishConnect(NioSocketChannel.java:336)
	at io.netty.channel.nio.AbstractNioChannel$AbstractNioUnsafe.finishConnect(AbstractNioChannel.java:339)
	at io.netty.channel.nio.NioEventLoop.processSelectedKey(NioEventLoop.java:784)
	at io.netty.channel.nio.NioEventLoop.processSelectedKeysOptimized(NioEventLoop.java:732)
	at io.netty.channel.nio.NioEventLoop.processSelectedKeys(NioEventLoop.java:658)
	at io.netty.channel.nio.NioEventLoop.run(NioEventLoop.java:562)
	at io.netty.util.concurrent.SingleThreadEventExecutor$4.run(SingleThreadEventExecutor.java:998)
	at io.netty.util.internal.ThreadExecutorMap$2.run(ThreadExecutorMap.java:74)
	at io.netty.util.concurrent.FastThreadLocalRunnable.run(FastThreadLocalRunnable.java:30)
	at java.base/java.lang.Thread.run(Thread.java:840)
2025-11-03 02:11:01 [ERROR][com.yunnancommon.redis.RedisUtils][setex][80]-> 设置redisKey:yunnan:token:enterprise:797913f8623d4acb8ab824c2d6f6e5d4,value:TokenInfoVO(token=797913f8623d4acb8ab824c2d6f6e5d4, enterpriseInfo=企业ID:E48260021273246716765,组织机构代码:,企业名称:企业A,所属地区:空,所属性质:空,所属行业:空,主要经营业务详情:,联系人名称:,联系人地址:,邮政编码:,联系电话:,传真号:,邮箱:,状态: 0-创建未备案 1-已备案未审核 2-已退回 3-正常(已备案已审核) 4-倒闭:0,企业创建时间:2025-11-03 01:58:33,企业信息修改时间:2025-11-03 01:58:33)失败
2025-11-03 02:11:01 [ERROR][com.yunnancommon.controller.AGlobalExceptionHandlerController][handleException][22]-> 请求错误，请求地址http://localhost:8082/api/account/login， 错误信息:
org.springframework.data.redis.RedisConnectionFailureException: Unable to connect to Redis
	at org.springframework.data.redis.connection.lettuce.LettuceConnectionFactory$ExceptionTranslatingConnectionProvider.translateException(LettuceConnectionFactory.java:1866)
	at org.springframework.data.redis.connection.lettuce.LettuceConnectionFactory$ExceptionTranslatingConnectionProvider.getConnection(LettuceConnectionFactory.java:1797)
	at org.springframework.data.redis.connection.lettuce.LettuceConnectionFactory$SharedConnection.getNativeConnection(LettuceConnectionFactory.java:1594)
	at org.springframework.data.redis.connection.lettuce.LettuceConnectionFactory$SharedConnection.lambda$getConnection$0(LettuceConnectionFactory.java:1574)
	at org.springframework.data.redis.connection.lettuce.LettuceConnectionFactory.doInLock(LettuceConnectionFactory.java:1535)
	at org.springframework.data.redis.connection.lettuce.LettuceConnectionFactory$SharedConnection.getConnection(LettuceConnectionFactory.java:1571)
	at org.springframework.data.redis.connection.lettuce.LettuceConnectionFactory.getSharedConnection(LettuceConnectionFactory.java:1257)
	at org.springframework.data.redis.connection.lettuce.LettuceConnectionFactory.getConnection(LettuceConnectionFactory.java:1063)
	at org.springframework.data.redis.core.RedisConnectionUtils.fetchConnection(RedisConnectionUtils.java:195)
	at org.springframework.data.redis.core.RedisConnectionUtils.doGetConnection(RedisConnectionUtils.java:144)
	at org.springframework.data.redis.core.RedisConnectionUtils.getConnection(RedisConnectionUtils.java:105)
	at org.springframework.data.redis.core.RedisTemplate.execute(RedisTemplate.java:400)
	at org.springframework.data.redis.core.RedisTemplate.execute(RedisTemplate.java:380)
	at org.springframework.data.redis.core.RedisTemplate.doWithKeys(RedisTemplate.java:802)
	at org.springframework.data.redis.core.RedisTemplate.delete(RedisTemplate.java:595)
	at com.yunnancommon.redis.RedisUtils.delete(RedisUtils.java:31)
	at com.yunnancommon.component.RedisComponent.cleanEnterpriseTokenInfo(RedisComponent.java:25)
	at com.yunnanenterprise.controller.AccountController.login(AccountController.java:47)
	at java.base/jdk.internal.reflect.NativeMethodAccessorImpl.invoke0(Native Method)
	at java.base/jdk.internal.reflect.NativeMethodAccessorImpl.invoke(NativeMethodAccessorImpl.java:77)
	at java.base/jdk.internal.reflect.DelegatingMethodAccessorImpl.invoke(DelegatingMethodAccessorImpl.java:43)
	at java.base/java.lang.reflect.Method.invoke(Method.java:569)
	at org.springframework.web.method.support.InvocableHandlerMethod.doInvoke(InvocableHandlerMethod.java:258)
	at org.springframework.web.method.support.InvocableHandlerMethod.invokeForRequest(InvocableHandlerMethod.java:191)
	at org.springframework.web.servlet.mvc.method.annotation.ServletInvocableHandlerMethod.invokeAndHandle(ServletInvocableHandlerMethod.java:118)
	at org.springframework.web.servlet.mvc.method.annotation.RequestMappingHandlerAdapter.invokeHandlerMethod(RequestMappingHandlerAdapter.java:991)
	at org.springframework.web.servlet.mvc.method.annotation.RequestMappingHandlerAdapter.handleInternal(RequestMappingHandlerAdapter.java:896)
	at org.springframework.web.servlet.mvc.method.AbstractHandlerMethodAdapter.handle(AbstractHandlerMethodAdapter.java:87)
	at org.springframework.web.servlet.DispatcherServlet.doDispatch(DispatcherServlet.java:1089)
	at org.springframework.web.servlet.DispatcherServlet.doService(DispatcherServlet.java:979)
	at org.springframework.web.servlet.FrameworkServlet.processRequest(FrameworkServlet.java:1014)
	at org.springframework.web.servlet.FrameworkServlet.doPost(FrameworkServlet.java:914)
	at jakarta.servlet.http.HttpServlet.service(HttpServlet.java:590)
	at org.springframework.web.servlet.FrameworkServlet.service(FrameworkServlet.java:885)
	at jakarta.servlet.http.HttpServlet.service(HttpServlet.java:658)
	at org.apache.catalina.core.ApplicationFilterChain.internalDoFilter(ApplicationFilterChain.java:195)
	at org.apache.catalina.core.ApplicationFilterChain.doFilter(ApplicationFilterChain.java:140)
	at org.apache.tomcat.websocket.server.WsFilter.doFilter(WsFilter.java:51)
	at org.apache.catalina.core.ApplicationFilterChain.internalDoFilter(ApplicationFilterChain.java:164)
	at org.apache.catalina.core.ApplicationFilterChain.doFilter(ApplicationFilterChain.java:140)
	at org.springframework.web.filter.RequestContextFilter.doFilterInternal(RequestContextFilter.java:100)
	at org.springframework.web.filter.OncePerRequestFilter.doFilter(OncePerRequestFilter.java:116)
	at org.apache.catalina.core.ApplicationFilterChain.internalDoFilter(ApplicationFilterChain.java:164)
	at org.apache.catalina.core.ApplicationFilterChain.doFilter(ApplicationFilterChain.java:140)
	at org.springframework.web.filter.FormContentFilter.doFilterInternal(FormContentFilter.java:93)
	at org.springframework.web.filter.OncePerRequestFilter.doFilter(OncePerRequestFilter.java:116)
	at org.apache.catalina.core.ApplicationFilterChain.internalDoFilter(ApplicationFilterChain.java:164)
	at org.apache.catalina.core.ApplicationFilterChain.doFilter(ApplicationFilterChain.java:140)
	at org.springframework.web.filter.CharacterEncodingFilter.doFilterInternal(CharacterEncodingFilter.java:201)
	at org.springframework.web.filter.OncePerRequestFilter.doFilter(OncePerRequestFilter.java:116)
	at org.apache.catalina.core.ApplicationFilterChain.internalDoFilter(ApplicationFilterChain.java:164)
	at org.apache.catalina.core.ApplicationFilterChain.doFilter(ApplicationFilterChain.java:140)
	at org.apache.catalina.core.StandardWrapperValve.invoke(StandardWrapperValve.java:167)
	at org.apache.catalina.core.StandardContextValve.invoke(StandardContextValve.java:90)
	at org.apache.catalina.authenticator.AuthenticatorBase.invoke(AuthenticatorBase.java:483)
	at org.apache.catalina.core.StandardHostValve.invoke(StandardHostValve.java:116)
	at org.apache.catalina.valves.ErrorReportValve.invoke(ErrorReportValve.java:93)
	at org.apache.catalina.core.StandardEngineValve.invoke(StandardEngineValve.java:74)
	at org.apache.catalina.connector.CoyoteAdapter.service(CoyoteAdapter.java:344)
	at org.apache.coyote.http11.Http11Processor.service(Http11Processor.java:398)
	at org.apache.coyote.AbstractProcessorLight.process(AbstractProcessorLight.java:63)
	at org.apache.coyote.AbstractProtocol$ConnectionHandler.process(AbstractProtocol.java:903)
	at org.apache.tomcat.util.net.NioEndpoint$SocketProcessor.doRun(NioEndpoint.java:1776)
	at org.apache.tomcat.util.net.SocketProcessorBase.run(SocketProcessorBase.java:52)
	at org.apache.tomcat.util.threads.ThreadPoolExecutor.runWorker(ThreadPoolExecutor.java:975)
	at org.apache.tomcat.util.threads.ThreadPoolExecutor$Worker.run(ThreadPoolExecutor.java:493)
	at org.apache.tomcat.util.threads.TaskThread$WrappingRunnable.run(TaskThread.java:63)
	at java.base/java.lang.Thread.run(Thread.java:840)
Caused by: io.lettuce.core.RedisConnectionException: Unable to connect to 127.0.0.1/<unresolved>:6379
	at io.lettuce.core.RedisConnectionException.create(RedisConnectionException.java:63)
	at io.lettuce.core.RedisConnectionException.create(RedisConnectionException.java:41)
	at io.lettuce.core.AbstractRedisClient.getConnection(AbstractRedisClient.java:354)
	at io.lettuce.core.RedisClient.connect(RedisClient.java:220)
	at org.springframework.data.redis.connection.lettuce.StandaloneConnectionProvider.lambda$getConnection$1(StandaloneConnectionProvider.java:112)
	at java.base/java.util.Optional.orElseGet(Optional.java:364)
	at org.springframework.data.redis.connection.lettuce.StandaloneConnectionProvider.getConnection(StandaloneConnectionProvider.java:112)
	at org.springframework.data.redis.connection.lettuce.LettuceConnectionFactory$ExceptionTranslatingConnectionProvider.getConnection(LettuceConnectionFactory.java:1795)
	... 66 common frames omitted
Caused by: io.netty.channel.AbstractChannel$AnnotatedConnectException: Connection refused: getsockopt: /127.0.0.1:6379
Caused by: java.net.ConnectException: Connection refused: getsockopt
	at java.base/sun.nio.ch.Net.pollConnect(Native Method)
	at java.base/sun.nio.ch.Net.pollConnectNow(Net.java:672)
	at java.base/sun.nio.ch.SocketChannelImpl.finishConnect(SocketChannelImpl.java:946)
	at io.netty.channel.socket.nio.NioSocketChannel.doFinishConnect(NioSocketChannel.java:336)
	at io.netty.channel.nio.AbstractNioChannel$AbstractNioUnsafe.finishConnect(AbstractNioChannel.java:339)
	at io.netty.channel.nio.NioEventLoop.processSelectedKey(NioEventLoop.java:784)
	at io.netty.channel.nio.NioEventLoop.processSelectedKeysOptimized(NioEventLoop.java:732)
	at io.netty.channel.nio.NioEventLoop.processSelectedKeys(NioEventLoop.java:658)
	at io.netty.channel.nio.NioEventLoop.run(NioEventLoop.java:562)
	at io.netty.util.concurrent.SingleThreadEventExecutor$4.run(SingleThreadEventExecutor.java:998)
	at io.netty.util.internal.ThreadExecutorMap$2.run(ThreadExecutorMap.java:74)
	at io.netty.util.concurrent.FastThreadLocalRunnable.run(FastThreadLocalRunnable.java:30)
	at java.base/java.lang.Thread.run(Thread.java:840)
